<metadata xml:lang="en"><Esri><CreaDate>20160816</CreaDate><CreaTime>11253400</CreaTime><ArcGISFormat>1.0</ArcGISFormat><SyncOnce>FALSE</SyncOnce><DataProperties><itemProps><itemName Sync="TRUE">Street_201612161511</itemName><imsContentType Sync="TRUE">002</imsContentType><itemLocation><linkage Sync="TRUE">file://\\FS9\GISDATA\Projects\CountyWide\OpenStreetMap\mxd\data\FCToSHP\Street_201612161511.shp</linkage><protocol Sync="TRUE">Local Area Network</protocol></itemLocation><itemSize Sync="TRUE">0.000</itemSize></itemProps><coordRef><type Sync="TRUE">Projected</type><geogcsn Sync="TRUE">GCS_North_American_1983</geogcsn><csUnits Sync="TRUE">Linear Unit: Meter (1.000000)</csUnits><projcsn Sync="TRUE">NAD_1983_UTM_Zone_15N</projcsn><peXml Sync="TRUE">&lt;ProjectedCoordinateSystem xsi:type='typens:ProjectedCoordinateSystem' xmlns:xsi='http://www.w3.org/2001/XMLSchema-instance' xmlns:xs='http://www.w3.org/2001/XMLSchema' xmlns:typens='http://www.esri.com/schemas/ArcGIS/10.4'&gt;&lt;WKT&gt;PROJCS[&amp;quot;NAD_1983_UTM_Zone_15N&amp;quot;,GEOGCS[&amp;quot;GCS_North_American_1983&amp;quot;,DATUM[&amp;quot;D_North_American_1983&amp;quot;,SPHEROID[&amp;quot;GRS_1980&amp;quot;,6378137.0,298.257222101]],PRIMEM[&amp;quot;Greenwich&amp;quot;,0.0],UNIT[&amp;quot;Degree&amp;quot;,0.0174532925199433]],PROJECTION[&amp;quot;Transverse_Mercator&amp;quot;],PARAMETER[&amp;quot;False_Easting&amp;quot;,500000.0],PARAMETER[&amp;quot;False_Northing&amp;quot;,0.0],PARAMETER[&amp;quot;Central_Meridian&amp;quot;,-93.0],PARAMETER[&amp;quot;Scale_Factor&amp;quot;,0.9996],PARAMETER[&amp;quot;Latitude_Of_Origin&amp;quot;,0.0],UNIT[&amp;quot;Meter&amp;quot;,1.0],AUTHORITY[&amp;quot;EPSG&amp;quot;,26915]]&lt;/WKT&gt;&lt;XOrigin&gt;-5120900&lt;/XOrigin&gt;&lt;YOrigin&gt;-9998100&lt;/YOrigin&gt;&lt;XYScale&gt;450445547.3910538&lt;/XYScale&gt;&lt;ZOrigin&gt;-100000&lt;/ZOrigin&gt;&lt;ZScale&gt;10000&lt;/ZScale&gt;&lt;MOrigin&gt;-100000&lt;/MOrigin&gt;&lt;MScale&gt;10000&lt;/MScale&gt;&lt;XYTolerance&gt;0.001&lt;/XYTolerance&gt;&lt;ZTolerance&gt;0.001&lt;/ZTolerance&gt;&lt;MTolerance&gt;0.001&lt;/MTolerance&gt;&lt;HighPrecision&gt;true&lt;/HighPrecision&gt;&lt;WKID&gt;26915&lt;/WKID&gt;&lt;LatestWKID&gt;26915&lt;/LatestWKID&gt;&lt;/ProjectedCoordinateSystem&gt;</peXml></coordRef><lineage><Process ToolSource="c:\program files (x86)\arcgis\desktop10.3\ArcToolbox\Toolboxes\Data Management Tools.tbx\CalculateField" Date="20160930" Time="100133">CalculateField Dak.GIS.TRANS_MRCC_CENTERLINES ROUTE_NUM 0 VB #</Process><Process ToolSource="c:\program files (x86)\arcgis\desktop10.3\ArcToolbox\Toolboxes\Data Management Tools.tbx\CalculateField" Date="20160930" Time="101206">CalculateField Dak.GIS.TRANS_MRCC_CENTERLINES SOURCE Replace( [SOURCE]," County","" ) VB #</Process><Process ToolSource="c:\program files (x86)\arcgis\desktop10.3\ArcToolbox\Toolboxes\Data Management Tools.tbx\CalculateField" Date="20160930" Time="102119">CalculateField Dak.GIS.TRANS_MRCC_CENTERLINES ACT_DATE #1/1/1900# VB #</Process><Process ToolSource="c:\program files (x86)\arcgis\desktop10.3\ArcToolbox\Toolboxes\Data Management Tools.tbx\CalculateField" Date="20160930" Time="114003">CalculateField Dak.GIS.TRANS_MRCC_CENTERLINES ST_NAME_A1 Replace( [ST_NAME_A1]," St  E"," Street East" ) VB #</Process><Process ToolSource="c:\program files (x86)\arcgis\desktop10.3\ArcToolbox\Toolboxes\Data Management Tools.tbx\CalculateField" Date="20160930" Time="114402">CalculateField Dak.GIS.TRANS_MRCC_CENTERLINES ST_NAME_A1 Replace( [ST_NAME_A1],"  St E"," Street East" ) VB #</Process><Process ToolSource="c:\program files (x86)\arcgis\desktop10.3\ArcToolbox\Toolboxes\Data Management Tools.tbx\CalculateField" Date="20160930" Time="114638">CalculateField Dak.GIS.TRANS_MRCC_CENTERLINES ST_NAME_A1 Replace( [ST_NAME_A1] , " Hwy" , " Highway"  ) VB #</Process><Process ToolSource="c:\program files (x86)\arcgis\desktop10.3\ArcToolbox\Toolboxes\Data Management Tools.tbx\CalculateField" Date="20160930" Time="114753">CalculateField Dak.GIS.TRANS_MRCC_CENTERLINES ST_NAME_A1 Replace( [ST_NAME_A1] , " Trl" , " Trail"  ) VB #</Process><Process ToolSource="c:\program files (x86)\arcgis\desktop10.3\ArcToolbox\Toolboxes\Data Management Tools.tbx\CalculateField" Date="20160930" Time="115028">CalculateField Dak.GIS.TRANS_MRCC_CENTERLINES ST_NAME_A1 Replace( [ST_NAME_A1] , " Blvd" , " Boulevard"  ) VB #</Process><Process ToolSource="c:\program files (x86)\arcgis\desktop10.3\ArcToolbox\Toolboxes\Data Management Tools.tbx\CalculateField" Date="20160930" Time="115129">CalculateField Dak.GIS.TRANS_MRCC_CENTERLINES ST_NAME_A1 Replace( [ST_NAME_A1] , " Rd" , " Road"  ) VB #</Process><Process ToolSource="c:\program files (x86)\arcgis\desktop10.3\ArcToolbox\Toolboxes\Data Management Tools.tbx\CalculateField" Date="20160930" Time="115245">CalculateField Dak.GIS.TRANS_MRCC_CENTERLINES ST_NAME_A1 Replace( [ST_NAME_A1] , " Dr" , " Drive"  ) VB #</Process><Process ToolSource="c:\program files (x86)\arcgis\desktop10.3\ArcToolbox\Toolboxes\Data Management Tools.tbx\CalculateField" Date="20160930" Time="115349">CalculateField Dak.GIS.TRANS_MRCC_CENTERLINES ST_NAME_A1 Replace( [ST_NAME_A1] , " Fwy" , " Freeway"  ) VB #</Process><Process ToolSource="c:\program files (x86)\arcgis\desktop10.3\ArcToolbox\Toolboxes\Data Management Tools.tbx\CalculateField" Date="20160930" Time="115518">CalculateField Dak.GIS.TRANS_MRCC_CENTERLINES ST_NAME_A1 Replace( [ST_NAME_A1] , "Hwy " , "Highway "  ) VB #</Process><Process ToolSource="c:\program files (x86)\arcgis\desktop10.3\ArcToolbox\Toolboxes\Data Management Tools.tbx\CalculateField" Date="20160930" Time="115726">CalculateField Dak.GIS.TRANS_MRCC_CENTERLINES ST_NAME_A1 Replace( [ST_NAME_A1] , " Ave" , " Avenue"  ) VB #</Process><Process ToolSource="c:\program files (x86)\arcgis\desktop10.3\ArcToolbox\Toolboxes\Data Management Tools.tbx\CalculateField" Date="20160930" Time="115911">CalculateField Dak.GIS.TRANS_MRCC_CENTERLINES ST_NAME_A1 Replace( [ST_NAME_A1] , "Co " , "County "  ) VB #</Process><Process ToolSource="c:\program files (x86)\arcgis\desktop10.3\ArcToolbox\Toolboxes\Data Management Tools.tbx\CalculateField" Date="20160930" Time="124408">CalculateField Dak.GIS.TRANS_MRCC_CENTERLINES A1_MSAG_YN "N" VB #</Process><Process ToolSource="c:\program files (x86)\arcgis\desktop10.3\ArcToolbox\Toolboxes\Data Management Tools.tbx\CalculateField" Date="20160930" Time="125149">CalculateField Dak.GIS.TRANS_MRCC_CENTERLINES ST_NAME_A1 NULL VB #</Process><Process ToolSource="c:\program files (x86)\arcgis\desktop10.3\ArcToolbox\Toolboxes\Data Management Tools.tbx\CalculateField" Date="20160930" Time="125656">CalculateField Dak.GIS.TRANS_MRCC_CENTERLINES ST_NAME_A2 Replace( [ST_NAME_A2] , " Trl" , " Trail"  ) VB #</Process><Process ToolSource="c:\program files (x86)\arcgis\desktop10.3\ArcToolbox\Toolboxes\Data Management Tools.tbx\CalculateField" Date="20160930" Time="125748">CalculateField Dak.GIS.TRANS_MRCC_CENTERLINES ST_NAME_A2 Replace( [ST_NAME_A2] , " Blvd" , " Boulevard"  ) VB #</Process><Process ToolSource="c:\program files (x86)\arcgis\desktop10.3\ArcToolbox\Toolboxes\Data Management Tools.tbx\CalculateField" Date="20160930" Time="125838">CalculateField Dak.GIS.TRANS_MRCC_CENTERLINES ST_NAME_A2 Replace( [ST_NAME_A2] , " Hwy" , " Highway"  ) VB #</Process><Process ToolSource="c:\program files (x86)\arcgis\desktop10.3\ArcToolbox\Toolboxes\Data Management Tools.tbx\CalculateField" Date="20160930" Time="125934">CalculateField Dak.GIS.TRANS_MRCC_CENTERLINES ST_NAME_A2 Replace( [ST_NAME_A2] , "Hwy " , " Highway "  ) VB #</Process><Process ToolSource="c:\program files (x86)\arcgis\desktop10.3\ArcToolbox\Toolboxes\Data Management Tools.tbx\CalculateField" Date="20160930" Time="130058">CalculateField Dak.GIS.TRANS_MRCC_CENTERLINES ST_NAME_A2 Replace( [ST_NAME_A2] , "Co Rd " , "County Road"  ) VB #</Process><Process ToolSource="c:\program files (x86)\arcgis\desktop10.3\ArcToolbox\Toolboxes\Data Management Tools.tbx\CalculateField" Date="20160930" Time="130230">CalculateField Dak.GIS.TRANS_MRCC_CENTERLINES ST_NAME_A2 Replace( [ST_NAME_A2] , "County Road" , "County Road "  ) VB #</Process><Process ToolSource="c:\program files (x86)\arcgis\desktop10.3\ArcToolbox\Toolboxes\Data Management Tools.tbx\CalculateField" Date="20160930" Time="130304">CalculateField Dak.GIS.TRANS_MRCC_CENTERLINES ST_NAME_A2 Replace( [ST_NAME_A2] , " Ave" , " Avenue"  ) VB #</Process><Process ToolSource="c:\program files (x86)\arcgis\desktop10.3\ArcToolbox\Toolboxes\Data Management Tools.tbx\CalculateField" Date="20160930" Time="130344">CalculateField Dak.GIS.TRANS_MRCC_CENTERLINES ST_NAME_A2 Replace( [ST_NAME_A2] , " St" , " Street"  ) VB #</Process><Process ToolSource="c:\program files (x86)\arcgis\desktop10.3\ArcToolbox\Toolboxes\Data Management Tools.tbx\CalculateField" Date="20160930" Time="130424">CalculateField Dak.GIS.TRANS_MRCC_CENTERLINES ST_NAME_A2 Replace( [ST_NAME_A2] , " Street W" , " Street West"  ) VB #</Process><Process ToolSource="c:\program files (x86)\arcgis\desktop10.3\ArcToolbox\Toolboxes\Data Management Tools.tbx\CalculateField" Date="20160930" Time="130526">CalculateField Dak.GIS.TRANS_MRCC_CENTERLINES ST_NAME_A2 Replace( [ST_NAME_A2] , " Street E" , " Street East"  ) VB #</Process><Process ToolSource="c:\program files (x86)\arcgis\desktop10.3\ArcToolbox\Toolboxes\Data Management Tools.tbx\CalculateField" Date="20160930" Time="130723">CalculateField Dak.GIS.TRANS_MRCC_CENTERLINES A2_MSAG_YN "N" VB #</Process><Process ToolSource="c:\program files (x86)\arcgis\desktop10.4\ArcToolbox\Toolboxes\Conversion Tools.tbx\FeatureClassToFeatureClass" Date="20161216" Time="151152">FeatureClassToFeatureClass Dak.GIS.TRANS_MRCC_CENTERLINE G:\Projects\CountyWide\OpenStreetMap\mxd\data\FCToSHP Street_201612161511.shp # "ROUTE_ID "Route ID" true true false 16 Text 0 0 ,First,#,Dak.GIS.TRANS_MRCC_CENTERLINE,ROUTE_ID,-1,-1;UNIQUE_ID "Feature Unique ID" true true false 36 Text 0 0 ,First,#,Dak.GIS.TRANS_MRCC_CENTERLINE,UNIQUE_ID,-1,-1;ROUTE_SYS "Route System" true true false 2 Text 0 0 ,First,#,Dak.GIS.TRANS_MRCC_CENTERLINE,ROUTE_SYS,-1,-1;ROUTE_DIR "Route Direction" true true false 1 Text 0 0 ,First,#,Dak.GIS.TRANS_MRCC_CENTERLINE,ROUTE_DIR,-1,-1;DIR_RTE_ID "Directional Route ID" true true false 32 Text 0 0 ,First,#,Dak.GIS.TRANS_MRCC_CENTERLINE,DIR_RTE_ID,-1,-1;LOC_STATE "Local to State" true true false 10 Text 0 0 ,First,#,Dak.GIS.TRANS_MRCC_CENTERLINE,LOC_STATE,-1,-1;PRIME_STAT "Primary Status" true true false 10 Text 0 0 ,First,#,Dak.GIS.TRANS_MRCC_CENTERLINE,PRIME_STAT,-1,-1;ST_PRE_MOD "Street Pre Modifier" true true false 10 Text 0 0 ,First,#,Dak.GIS.TRANS_MRCC_CENTERLINE,ST_PRE_MOD,-1,-1;ST_PRE_DIR "Street Pre Directional" true true false 9 Text 0 0 ,First,#,Dak.GIS.TRANS_MRCC_CENTERLINE,ST_PRE_DIR,-1,-1;ST_PRE_TYP "Street Pre Type" true true false 24 Text 0 0 ,First,#,Dak.GIS.TRANS_MRCC_CENTERLINE,ST_PRE_TYP,-1,-1;ST_NAME "Street Name" true true false 42 Text 0 0 ,First,#,Dak.GIS.TRANS_MRCC_CENTERLINE,ST_NAME,-1,-1;ST_POS_TYP "Street Post Type" true true false 12 Text 0 0 ,First,#,Dak.GIS.TRANS_MRCC_CENTERLINE,ST_POS_TYP,-1,-1;ST_POS_DIR "Street Post Directional" true true false 9 Text 0 0 ,First,#,Dak.GIS.TRANS_MRCC_CENTERLINE,ST_POS_DIR,-1,-1;ST_POS_MOD "Street Post Modifier" true true false 12 Text 0 0 ,First,#,Dak.GIS.TRANS_MRCC_CENTERLINE,ST_POS_MOD,-1,-1;ST_CONCAT "Street Name Full" true true false 150 Text 0 0 ,First,#,Dak.GIS.TRANS_MRCC_CENTERLINE,ST_CONCAT,-1,-1;ST_NAME_A1 "Alternate Street Name1" true true false 150 Text 0 0 ,First,#,Dak.GIS.TRANS_MRCC_CENTERLINE,ST_NAME_A1,-1,-1;A1_MSAG_YN "Alt1 Legitimate MSAG Value" true true false 1 Text 0 0 ,First,#,Dak.GIS.TRANS_MRCC_CENTERLINE,A1_MSAG_YN,-1,-1;ST_NAME_A2 "Alternate Street Name2" true true false 150 Text 0 0 ,First,#,Dak.GIS.TRANS_MRCC_CENTERLINE,ST_NAME_A2,-1,-1;A2_MSAG_YN "Alt2 Legitimate MSAG Value" true true false 1 Text 0 0 ,First,#,Dak.GIS.TRANS_MRCC_CENTERLINE,A2_MSAG_YN,-1,-1;ST_NAME_A3 "Alternate Street Name3" true true false 150 Text 0 0 ,First,#,Dak.GIS.TRANS_MRCC_CENTERLINE,ST_NAME_A3,-1,-1;A3_MSAG_YN "Alt3 Legitimate MSAG Value" true true false 1 Text 0 0 ,First,#,Dak.GIS.TRANS_MRCC_CENTERLINE,A3_MSAG_YN,-1,-1;ADR_FR_L "Left From Address" true true false 4 Long 0 10 ,First,#,Dak.GIS.TRANS_MRCC_CENTERLINE,ADR_FR_L,-1,-1;ADR_TO_L "Left To Address" true true false 4 Long 0 10 ,First,#,Dak.GIS.TRANS_MRCC_CENTERLINE,ADR_TO_L,-1,-1;ADR_FR_R "Right From Address" true true false 4 Long 0 10 ,First,#,Dak.GIS.TRANS_MRCC_CENTERLINE,ADR_FR_R,-1,-1;ADR_TO_R "Right To Address" true true false 4 Long 0 10 ,First,#,Dak.GIS.TRANS_MRCC_CENTERLINE,ADR_TO_R,-1,-1;T_ADR_FR_L "Theoretical Left From Address" true true false 4 Long 0 10 ,First,#,Dak.GIS.TRANS_MRCC_CENTERLINE,T_ADR_FR_L,-1,-1;T_ADR_TO_L "Theoretical Left To Address" true true false 4 Long 0 10 ,First,#,Dak.GIS.TRANS_MRCC_CENTERLINE,T_ADR_TO_L,-1,-1;T_ADR_FR_R "Theoretical Right From Address" true true false 4 Long 0 10 ,First,#,Dak.GIS.TRANS_MRCC_CENTERLINE,T_ADR_FR_R,-1,-1;T_ADR_TO_R "Theoretical Right To Address" true true false 4 Long 0 10 ,First,#,Dak.GIS.TRANS_MRCC_CENTERLINE,T_ADR_TO_R,-1,-1;ZIP_L "Left Zip Code" true true false 10 Text 0 0 ,First,#,Dak.GIS.TRANS_MRCC_CENTERLINE,ZIP_L,-1,-1;ZIP_R "Right Zip Code" true true false 10 Text 0 0 ,First,#,Dak.GIS.TRANS_MRCC_CENTERLINE,ZIP_R,-1,-1;CITYID_L "Left City ID" true true false 10 Text 0 0 ,First,#,Dak.GIS.TRANS_MRCC_CENTERLINE,CITYID_L,-1,-1;CITYID_R "Right City ID" true true false 10 Text 0 0 ,First,#,Dak.GIS.TRANS_MRCC_CENTERLINE,CITYID_R,-1,-1;CITY_L "Left City Name" true true false 50 Text 0 0 ,First,#,Dak.GIS.TRANS_MRCC_CENTERLINE,CITY_L,-1,-1;CITY_R "Right City Name" true true false 50 Text 0 0 ,First,#,Dak.GIS.TRANS_MRCC_CENTERLINE,CITY_R,-1,-1;COUNTY_L "Left County Code" true true false 3 Text 0 0 ,First,#,Dak.GIS.TRANS_MRCC_CENTERLINE,COUNTY_L,-1,-1;COUNTY_R "Right County Code" true true false 3 Text 0 0 ,First,#,Dak.GIS.TRANS_MRCC_CENTERLINE,COUNTY_R,-1,-1;STATE_L "Left State" true true false 2 Text 0 0 ,First,#,Dak.GIS.TRANS_MRCC_CENTERLINE,STATE_L,-1,-1;STATE_R "Right State" true true false 2 Text 0 0 ,First,#,Dak.GIS.TRANS_MRCC_CENTERLINE,STATE_R,-1,-1;PARITY_L "Left Parity" true true false 1 Text 0 0 ,First,#,Dak.GIS.TRANS_MRCC_CENTERLINE,PARITY_L,-1,-1;PARITY_R "Right Parity" true true false 1 Text 0 0 ,First,#,Dak.GIS.TRANS_MRCC_CENTERLINE,PARITY_R,-1,-1;ELEV_FROM "Elevation From" true true false 2 Short 0 5 ,First,#,Dak.GIS.TRANS_MRCC_CENTERLINE,ELEV_FROM,-1,-1;ELEV_TO "Elevation To" true true false 2 Short 0 5 ,First,#,Dak.GIS.TRANS_MRCC_CENTERLINE,ELEV_TO,-1,-1;ONEWAY "One Way" true true false 1 Text 0 0 ,First,#,Dak.GIS.TRANS_MRCC_CENTERLINE,ONEWAY,-1,-1;SPEED_IMP "Impedance Speed" true true false 2 Short 0 5 ,First,#,Dak.GIS.TRANS_MRCC_CENTERLINE,SPEED_IMP,-1,-1;EMERG_ACC "Emergency Access" true true false 3 Text 0 0 ,First,#,Dak.GIS.TRANS_MRCC_CENTERLINE,EMERG_ACC,-1,-1;SPEEDLIMIT "Speed Limit" true true false 2 Short 0 5 ,First,#,Dak.GIS.TRANS_MRCC_CENTERLINE,SPEEDLIMIT,-1,-1;ROUTE_NAME "Route Name" true true false 30 Text 0 0 ,First,#,Dak.GIS.TRANS_MRCC_CENTERLINE,ROUTE_NAME,-1,-1;ROUTE_NUM "Route Number" true true false 5 Text 0 0 ,First,#,Dak.GIS.TRANS_MRCC_CENTERLINE,ROUTE_NUM,-1,-1;ESN_L "Left Emg Service Number" true true false 5 Text 0 0 ,First,#,Dak.GIS.TRANS_MRCC_CENTERLINE,ESN_L,-1,-1;ESN_R "Right Emg Service Number" true true false 5 Text 0 0 ,First,#,Dak.GIS.TRANS_MRCC_CENTERLINE,ESN_R,-1,-1;MSAG_C_L "Left MSAG Community" true true false 30 Text 0 0 ,First,#,Dak.GIS.TRANS_MRCC_CENTERLINE,MSAG_C_L,-1,-1;MSAG_C_R "Right MSAG Community" true true false 30 Text 0 0 ,First,#,Dak.GIS.TRANS_MRCC_CENTERLINE,MSAG_C_R,-1,-1;PSAP_L "Left PSAP" true true false 25 Text 0 0 ,First,#,Dak.GIS.TRANS_MRCC_CENTERLINE,PSAP_L,-1,-1;PSAP_R "Right PSAP" true true false 25 Text 0 0 ,First,#,Dak.GIS.TRANS_MRCC_CENTERLINE,PSAP_R,-1,-1;STATUS "Status" true true false 20 Text 0 0 ,First,#,Dak.GIS.TRANS_MRCC_CENTERLINE,STATUS,-1,-1;ACT_DATE "Active Date" true true false 8 Date 0 0 ,First,#,Dak.GIS.TRANS_MRCC_CENTERLINE,ACT_DATE,-1,-1;RET_DATE "Retired Date" true true false 8 Date 0 0 ,First,#,Dak.GIS.TRANS_MRCC_CENTERLINE,RET_DATE,-1,-1;EDITED_BY "Edited By" true true false 50 Text 0 0 ,First,#,Dak.GIS.TRANS_MRCC_CENTERLINE,EDITED_BY,-1,-1;EDITED_DT "Edited Date" true true false 8 Date 0 0 ,First,#,Dak.GIS.TRANS_MRCC_CENTERLINE,EDITED_DT,-1,-1;SOURCE "Source of Data" true true false 50 Text 0 0 ,First,#,Dak.GIS.TRANS_MRCC_CENTERLINE,SOURCE,-1,-1;FUNCTIONAL "Functional Class" true true false 4 Text 0 0 ,First,#,Dak.GIS.TRANS_MRCC_CENTERLINE,FUNCTIONAL,-1,-1;SURF_TYPE "Surface Type" true true false 32 Text 0 0 ,First,#,Dak.GIS.TRANS_MRCC_CENTERLINE,SURF_TYPE,-1,-1;POSTCOMM_L "POSTCOMM_L" true true false 40 Text 0 0 ,First,#,Dak.GIS.TRANS_MRCC_CENTERLINE,POSTCOMM_L,-1,-1;POSTCOMM_R "POSTCOMM_R" true true false 40 Text 0 0 ,First,#,Dak.GIS.TRANS_MRCC_CENTERLINE,POSTCOMM_R,-1,-1;Shape_len "Shape_len" false true true 0 Double 0 0 ,First,#,Dak.GIS.TRANS_MRCC_CENTERLINE,Shape.len,-1,-1" #</Process><Process ToolSource="c:\program files (x86)\arcgis\desktop10.4\ArcToolbox\Toolboxes\Data Management Tools.tbx\AddField" Date="20161216" Time="151158">AddField G:\Projects\CountyWide\OpenStreetMap\mxd\data\FCToSHP\Street_201612161511.shp highway TEXT # # 30 # NULLABLE NON_REQUIRED #</Process><Process ToolSource="c:\program files (x86)\arcgis\desktop10.4\ArcToolbox\Toolboxes\Data Management Tools.tbx\AddField" Date="20161216" Time="151159">AddField G:\Projects\CountyWide\OpenStreetMap\mxd\data\FCToSHP\Street_201612161511.shp name TEXT # # 30 # NULLABLE NON_REQUIRED #</Process><Process ToolSource="c:\program files (x86)\arcgis\desktop10.4\ArcToolbox\Toolboxes\Data Management Tools.tbx\AddField" Date="20161216" Time="151159">AddField G:\Projects\CountyWide\OpenStreetMap\mxd\data\FCToSHP\Street_201612161511.shp maxspeed TEXT # # 30 # NULLABLE NON_REQUIRED #</Process><Process ToolSource="c:\program files (x86)\arcgis\desktop10.4\ArcToolbox\Toolboxes\Data Management Tools.tbx\AddField" Date="20161216" Time="151200">AddField G:\Projects\CountyWide\OpenStreetMap\mxd\data\FCToSHP\Street_201612161511.shp access TEXT # # 30 # NULLABLE NON_REQUIRED #</Process><Process ToolSource="c:\program files (x86)\arcgis\desktop10.4\ArcToolbox\Toolboxes\Data Management Tools.tbx\AddField" Date="20161216" Time="151202">AddField G:\Projects\CountyWide\OpenStreetMap\mxd\data\FCToSHP\Street_201612161511.shp surface TEXT # # 30 # NULLABLE NON_REQUIRED #</Process><Process ToolSource="c:\program files (x86)\arcgis\desktop10.4\ArcToolbox\Toolboxes\Data Management Tools.tbx\CalculateField" Date="20161216" Time="151203">CalculateField G:\Projects\CountyWide\OpenStreetMap\mxd\data\FCToSHP\Street_201612161511.shp name !ST_CONCAT! PYTHON #</Process><Process ToolSource="c:\program files (x86)\arcgis\desktop10.4\ArcToolbox\Toolboxes\Data Management Tools.tbx\CalculateField" Date="20161216" Time="151204">CalculateField G:\Projects\CountyWide\OpenStreetMap\mxd\data\FCToSHP\Street_201612161511.shp highway "residential" PYTHON #</Process><Process ToolSource="c:\program files (x86)\arcgis\desktop10.4\ArcToolbox\Toolboxes\Data Management Tools.tbx\CalculateField" Date="20161216" Time="151205">CalculateField G:\Projects\CountyWide\OpenStreetMap\mxd\data\FCToSHP\Street_201612161511.shp maxspeed "30 mph" PYTHON #</Process><Process ToolSource="c:\program files (x86)\arcgis\desktop10.4\ArcToolbox\Toolboxes\Data Management Tools.tbx\CalculateField" Date="20161216" Time="151206">CalculateField G:\Projects\CountyWide\OpenStreetMap\mxd\data\FCToSHP\Street_201612161511.shp access "yes" PYTHON #</Process><Process ToolSource="c:\program files (x86)\arcgis\desktop10.4\ArcToolbox\Toolboxes\Data Management Tools.tbx\CalculateField" Date="20161216" Time="151207">CalculateField G:\Projects\CountyWide\OpenStreetMap\mxd\data\FCToSHP\Street_201612161511.shp surface "asphalt" PYTHON #</Process><Process ToolSource="c:\program files (x86)\arcgis\desktop10.4\ArcToolbox\Toolboxes\Data Management Tools.tbx\DeleteField" Date="20161216" Time="151207">DeleteField G:\Projects\CountyWide\OpenStreetMap\mxd\data\FCToSHP\Street_201612161511.shp SHAPE_len</Process><Process ToolSource="c:\program files (x86)\arcgis\desktop10.4\ArcToolbox\Toolboxes\Data Management Tools.tbx\DeleteField" Date="20161216" Time="151208">DeleteField G:\Projects\CountyWide\OpenStreetMap\mxd\data\FCToSHP\Street_201612161511.shp ST_CONCAT</Process></lineage></DataProperties><SyncDate>20161216</SyncDate><SyncTime>15115000</SyncTime><ModDate>20161216</ModDate><ModTime>15115000</ModTime></Esri><dataIdInfo><envirDesc Sync="TRUE">Microsoft Windows 7 Version 6.1 (Build 7601) Service Pack 1; Esri ArcGIS 10.4.1.5686</envirDesc><dataLang><languageCode value="eng" Sync="TRUE"/><countryCode value="USA" Sync="TRUE"/></dataLang><idCitation><resTitle Sync="TRUE">Street_201612161511</resTitle><presForm><PresFormCd value="005" Sync="TRUE"/></presForm></idCitation><spatRpType><SpatRepTypCd value="001" Sync="TRUE"/></spatRpType></dataIdInfo><mdLang><languageCode value="eng" Sync="TRUE"/><countryCode value="USA" Sync="TRUE"/></mdLang><distInfo><distFormat><formatName Sync="TRUE">Shapefile</formatName></distFormat><distTranOps><transSize Sync="TRUE">0.000</transSize></distTranOps></distInfo><mdHrLv><ScopeCd value="005" Sync="TRUE"/></mdHrLv><mdHrLvName Sync="TRUE">dataset</mdHrLvName><refSysInfo><RefSystem><refSysID><identCode code="26915" Sync="TRUE"/><idCodeSpace Sync="TRUE">EPSG</idCodeSpace><idVersion Sync="TRUE">6.13(3.0.1)</idVersion></refSysID></RefSystem></refSysInfo><spatRepInfo><VectSpatRep><geometObjs Name="Street_201612161511"><geoObjTyp><GeoObjTypCd value="002" Sync="TRUE"></GeoObjTypCd></geoObjTyp><geoObjCnt Sync="TRUE">0</geoObjCnt></geometObjs><topLvl><TopoLevCd value="001" Sync="TRUE"></TopoLevCd></topLvl></VectSpatRep></spatRepInfo><spdoinfo><ptvctinf><esriterm Name="Street_201612161511"><efeatyp Sync="TRUE">Simple</efeatyp><efeageom code="3" Sync="TRUE"></efeageom><esritopo Sync="TRUE">FALSE</esritopo><efeacnt Sync="TRUE">0</efeacnt><spindex Sync="TRUE">FALSE</spindex><linrefer Sync="TRUE">FALSE</linrefer></esriterm></ptvctinf></spdoinfo><eainfo><detailed Name="Street_201612161511"><enttyp><enttypl Sync="TRUE">Street_201612161511</enttypl><enttypt Sync="TRUE">Feature Class</enttypt><enttypc Sync="TRUE">0</enttypc></enttyp><attr><attrlabl Sync="TRUE">FID</attrlabl><attalias Sync="TRUE">FID</attalias><attrtype Sync="TRUE">OID</attrtype><attwidth Sync="TRUE">4</attwidth><atprecis Sync="TRUE">0</atprecis><attscale Sync="TRUE">0</attscale><attrdef Sync="TRUE">Internal feature number.</attrdef><attrdefs Sync="TRUE">Esri</attrdefs><attrdomv><udom Sync="TRUE">Sequential unique whole numbers that are automatically generated.</udom></attrdomv></attr><attr><attrlabl Sync="TRUE">ROUTE_ID</attrlabl><attalias Sync="TRUE">ROUTE_ID</attalias><attrtype Sync="TRUE">String</attrtype><attwidth Sync="TRUE">16</attwidth><atprecis Sync="TRUE">0</atprecis><attscale Sync="TRUE">0</attscale></attr><attr><attrlabl Sync="TRUE">UNIQUE_ID</attrlabl><attalias Sync="TRUE">UNIQUE_ID</attalias><attrtype Sync="TRUE">String</attrtype><attwidth Sync="TRUE">36</attwidth><atprecis Sync="TRUE">0</atprecis><attscale Sync="TRUE">0</attscale></attr><attr><attrlabl Sync="TRUE">ROUTE_SYS</attrlabl><attalias Sync="TRUE">ROUTE_SYS</attalias><attrtype Sync="TRUE">String</attrtype><attwidth Sync="TRUE">2</attwidth><atprecis Sync="TRUE">0</atprecis><attscale Sync="TRUE">0</attscale></attr><attr><attrlabl Sync="TRUE">ROUTE_DIR</attrlabl><attalias Sync="TRUE">ROUTE_DIR</attalias><attrtype Sync="TRUE">String</attrtype><attwidth Sync="TRUE">1</attwidth><atprecis Sync="TRUE">0</atprecis><attscale Sync="TRUE">0</attscale></attr><attr><attrlabl Sync="TRUE">DIR_RTE_ID</attrlabl><attalias Sync="TRUE">DIR_RTE_ID</attalias><attrtype Sync="TRUE">String</attrtype><attwidth Sync="TRUE">32</attwidth><atprecis Sync="TRUE">0</atprecis><attscale Sync="TRUE">0</attscale></attr><attr><attrlabl Sync="TRUE">LOC_STATE</attrlabl><attalias Sync="TRUE">LOC_STATE</attalias><attrtype Sync="TRUE">String</attrtype><attwidth Sync="TRUE">10</attwidth><atprecis Sync="TRUE">0</atprecis><attscale Sync="TRUE">0</attscale></attr><attr><attrlabl Sync="TRUE">PRIME_STAT</attrlabl><attalias Sync="TRUE">PRIME_STAT</attalias><attrtype Sync="TRUE">String</attrtype><attwidth Sync="TRUE">10</attwidth><atprecis Sync="TRUE">0</atprecis><attscale Sync="TRUE">0</attscale></attr><attr><attrlabl Sync="TRUE">ST_PRE_MOD</attrlabl><attalias Sync="TRUE">ST_PRE_MOD</attalias><attrtype Sync="TRUE">String</attrtype><attwidth Sync="TRUE">10</attwidth><atprecis Sync="TRUE">0</atprecis><attscale Sync="TRUE">0</attscale></attr><attr><attrlabl Sync="TRUE">ST_PRE_DIR</attrlabl><attalias Sync="TRUE">ST_PRE_DIR</attalias><attrtype Sync="TRUE">String</attrtype><attwidth Sync="TRUE">9</attwidth><atprecis Sync="TRUE">0</atprecis><attscale Sync="TRUE">0</attscale></attr><attr><attrlabl Sync="TRUE">ST_PRE_TYP</attrlabl><attalias Sync="TRUE">ST_PRE_TYP</attalias><attrtype Sync="TRUE">String</attrtype><attwidth Sync="TRUE">24</attwidth><atprecis Sync="TRUE">0</atprecis><attscale Sync="TRUE">0</attscale></attr><attr><attrlabl Sync="TRUE">ST_NAME</attrlabl><attalias Sync="TRUE">ST_NAME</attalias><attrtype Sync="TRUE">String</attrtype><attwidth Sync="TRUE">42</attwidth><atprecis Sync="TRUE">0</atprecis><attscale Sync="TRUE">0</attscale></attr><attr><attrlabl Sync="TRUE">ST_POS_TYP</attrlabl><attalias Sync="TRUE">ST_POS_TYP</attalias><attrtype Sync="TRUE">String</attrtype><attwidth Sync="TRUE">12</attwidth><atprecis Sync="TRUE">0</atprecis><attscale Sync="TRUE">0</attscale></attr><attr><attrlabl Sync="TRUE">ST_POS_DIR</attrlabl><attalias Sync="TRUE">ST_POS_DIR</attalias><attrtype Sync="TRUE">String</attrtype><attwidth Sync="TRUE">9</attwidth><atprecis Sync="TRUE">0</atprecis><attscale Sync="TRUE">0</attscale></attr><attr><attrlabl Sync="TRUE">ST_POS_MOD</attrlabl><attalias Sync="TRUE">ST_POS_MOD</attalias><attrtype Sync="TRUE">String</attrtype><attwidth Sync="TRUE">12</attwidth><atprecis Sync="TRUE">0</atprecis><attscale Sync="TRUE">0</attscale></attr><attr><attrlabl Sync="TRUE">ST_CONCAT</attrlabl><attalias Sync="TRUE">ST_CONCAT</attalias><attrtype Sync="TRUE">String</attrtype><attwidth Sync="TRUE">150</attwidth><atprecis Sync="TRUE">0</atprecis><attscale Sync="TRUE">0</attscale></attr><attr><attrlabl Sync="TRUE">ST_NAME_A1</attrlabl><attalias Sync="TRUE">ST_NAME_A1</attalias><attrtype Sync="TRUE">String</attrtype><attwidth Sync="TRUE">150</attwidth><atprecis Sync="TRUE">0</atprecis><attscale Sync="TRUE">0</attscale></attr><attr><attrlabl Sync="TRUE">A1_MSAG_YN</attrlabl><attalias Sync="TRUE">A1_MSAG_YN</attalias><attrtype Sync="TRUE">String</attrtype><attwidth Sync="TRUE">1</attwidth><atprecis Sync="TRUE">0</atprecis><attscale Sync="TRUE">0</attscale></attr><attr><attrlabl Sync="TRUE">ST_NAME_A2</attrlabl><attalias Sync="TRUE">ST_NAME_A2</attalias><attrtype Sync="TRUE">String</attrtype><attwidth Sync="TRUE">150</attwidth><atprecis Sync="TRUE">0</atprecis><attscale Sync="TRUE">0</attscale></attr><attr><attrlabl Sync="TRUE">A2_MSAG_YN</attrlabl><attalias Sync="TRUE">A2_MSAG_YN</attalias><attrtype Sync="TRUE">String</attrtype><attwidth Sync="TRUE">1</attwidth><atprecis Sync="TRUE">0</atprecis><attscale Sync="TRUE">0</attscale></attr><attr><attrlabl Sync="TRUE">ST_NAME_A3</attrlabl><attalias Sync="TRUE">ST_NAME_A3</attalias><attrtype Sync="TRUE">String</attrtype><attwidth Sync="TRUE">150</attwidth><atprecis Sync="TRUE">0</atprecis><attscale Sync="TRUE">0</attscale></attr><attr><attrlabl Sync="TRUE">A3_MSAG_YN</attrlabl><attalias Sync="TRUE">A3_MSAG_YN</attalias><attrtype Sync="TRUE">String</attrtype><attwidth Sync="TRUE">1</attwidth><atprecis Sync="TRUE">0</atprecis><attscale Sync="TRUE">0</attscale></attr><attr><attrlabl Sync="TRUE">ADR_FR_L</attrlabl><attalias Sync="TRUE">ADR_FR_L</attalias><attrtype Sync="TRUE">Integer</attrtype><attwidth Sync="TRUE">10</attwidth><atprecis Sync="TRUE">10</atprecis><attscale Sync="TRUE">0</attscale></attr><attr><attrlabl Sync="TRUE">ADR_TO_L</attrlabl><attalias Sync="TRUE">ADR_TO_L</attalias><attrtype Sync="TRUE">Integer</attrtype><attwidth Sync="TRUE">10</attwidth><atprecis Sync="TRUE">10</atprecis><attscale Sync="TRUE">0</attscale></attr><attr><attrlabl Sync="TRUE">ADR_FR_R</attrlabl><attalias Sync="TRUE">ADR_FR_R</attalias><attrtype Sync="TRUE">Integer</attrtype><attwidth Sync="TRUE">10</attwidth><atprecis Sync="TRUE">10</atprecis><attscale Sync="TRUE">0</attscale></attr><attr><attrlabl Sync="TRUE">ADR_TO_R</attrlabl><attalias Sync="TRUE">ADR_TO_R</attalias><attrtype Sync="TRUE">Integer</attrtype><attwidth Sync="TRUE">10</attwidth><atprecis Sync="TRUE">10</atprecis><attscale Sync="TRUE">0</attscale></attr><attr><attrlabl Sync="TRUE">T_ADR_FR_L</attrlabl><attalias Sync="TRUE">T_ADR_FR_L</attalias><attrtype Sync="TRUE">Integer</attrtype><attwidth Sync="TRUE">10</attwidth><atprecis Sync="TRUE">10</atprecis><attscale Sync="TRUE">0</attscale></attr><attr><attrlabl Sync="TRUE">T_ADR_TO_L</attrlabl><attalias Sync="TRUE">T_ADR_TO_L</attalias><attrtype Sync="TRUE">Integer</attrtype><attwidth Sync="TRUE">10</attwidth><atprecis Sync="TRUE">10</atprecis><attscale Sync="TRUE">0</attscale></attr><attr><attrlabl Sync="TRUE">T_ADR_FR_R</attrlabl><attalias Sync="TRUE">T_ADR_FR_R</attalias><attrtype Sync="TRUE">Integer</attrtype><attwidth Sync="TRUE">10</attwidth><atprecis Sync="TRUE">10</atprecis><attscale Sync="TRUE">0</attscale></attr><attr><attrlabl Sync="TRUE">T_ADR_TO_R</attrlabl><attalias Sync="TRUE">T_ADR_TO_R</attalias><attrtype Sync="TRUE">Integer</attrtype><attwidth Sync="TRUE">10</attwidth><atprecis Sync="TRUE">10</atprecis><attscale Sync="TRUE">0</attscale></attr><attr><attrlabl Sync="TRUE">ZIP_L</attrlabl><attalias Sync="TRUE">ZIP_L</attalias><attrtype Sync="TRUE">String</attrtype><attwidth Sync="TRUE">10</attwidth><atprecis Sync="TRUE">0</atprecis><attscale Sync="TRUE">0</attscale></attr><attr><attrlabl Sync="TRUE">ZIP_R</attrlabl><attalias Sync="TRUE">ZIP_R</attalias><attrtype Sync="TRUE">String</attrtype><attwidth Sync="TRUE">10</attwidth><atprecis Sync="TRUE">0</atprecis><attscale Sync="TRUE">0</attscale></attr><attr><attrlabl Sync="TRUE">CITYID_L</attrlabl><attalias Sync="TRUE">CITYID_L</attalias><attrtype Sync="TRUE">String</attrtype><attwidth Sync="TRUE">10</attwidth><atprecis Sync="TRUE">0</atprecis><attscale Sync="TRUE">0</attscale></attr><attr><attrlabl Sync="TRUE">CITYID_R</attrlabl><attalias Sync="TRUE">CITYID_R</attalias><attrtype Sync="TRUE">String</attrtype><attwidth Sync="TRUE">10</attwidth><atprecis Sync="TRUE">0</atprecis><attscale Sync="TRUE">0</attscale></attr><attr><attrlabl Sync="TRUE">CITY_L</attrlabl><attalias Sync="TRUE">CITY_L</attalias><attrtype Sync="TRUE">String</attrtype><attwidth Sync="TRUE">50</attwidth><atprecis Sync="TRUE">0</atprecis><attscale Sync="TRUE">0</attscale></attr><attr><attrlabl Sync="TRUE">CITY_R</attrlabl><attalias Sync="TRUE">CITY_R</attalias><attrtype Sync="TRUE">String</attrtype><attwidth Sync="TRUE">50</attwidth><atprecis Sync="TRUE">0</atprecis><attscale Sync="TRUE">0</attscale></attr><attr><attrlabl Sync="TRUE">COUNTY_L</attrlabl><attalias Sync="TRUE">COUNTY_L</attalias><attrtype Sync="TRUE">String</attrtype><attwidth Sync="TRUE">3</attwidth><atprecis Sync="TRUE">0</atprecis><attscale Sync="TRUE">0</attscale></attr><attr><attrlabl Sync="TRUE">COUNTY_R</attrlabl><attalias Sync="TRUE">COUNTY_R</attalias><attrtype Sync="TRUE">String</attrtype><attwidth Sync="TRUE">3</attwidth><atprecis Sync="TRUE">0</atprecis><attscale Sync="TRUE">0</attscale></attr><attr><attrlabl Sync="TRUE">STATE_L</attrlabl><attalias Sync="TRUE">STATE_L</attalias><attrtype Sync="TRUE">String</attrtype><attwidth Sync="TRUE">2</attwidth><atprecis Sync="TRUE">0</atprecis><attscale Sync="TRUE">0</attscale></attr><attr><attrlabl Sync="TRUE">STATE_R</attrlabl><attalias Sync="TRUE">STATE_R</attalias><attrtype Sync="TRUE">String</attrtype><attwidth Sync="TRUE">2</attwidth><atprecis Sync="TRUE">0</atprecis><attscale Sync="TRUE">0</attscale></attr><attr><attrlabl Sync="TRUE">PARITY_L</attrlabl><attalias Sync="TRUE">PARITY_L</attalias><attrtype Sync="TRUE">String</attrtype><attwidth Sync="TRUE">1</attwidth><atprecis Sync="TRUE">0</atprecis><attscale Sync="TRUE">0</attscale></attr><attr><attrlabl Sync="TRUE">PARITY_R</attrlabl><attalias Sync="TRUE">PARITY_R</attalias><attrtype Sync="TRUE">String</attrtype><attwidth Sync="TRUE">1</attwidth><atprecis Sync="TRUE">0</atprecis><attscale Sync="TRUE">0</attscale></attr><attr><attrlabl Sync="TRUE">ELEV_FROM</attrlabl><attalias Sync="TRUE">ELEV_FROM</attalias><attrtype Sync="TRUE">Integer</attrtype><attwidth Sync="TRUE">5</attwidth><atprecis Sync="TRUE">5</atprecis><attscale Sync="TRUE">0</attscale></attr><attr><attrlabl Sync="TRUE">ELEV_TO</attrlabl><attalias Sync="TRUE">ELEV_TO</attalias><attrtype Sync="TRUE">Integer</attrtype><attwidth Sync="TRUE">5</attwidth><atprecis Sync="TRUE">5</atprecis><attscale Sync="TRUE">0</attscale></attr><attr><attrlabl Sync="TRUE">ONEWAY</attrlabl><attalias Sync="TRUE">ONEWAY</attalias><attrtype Sync="TRUE">String</attrtype><attwidth Sync="TRUE">1</attwidth><atprecis Sync="TRUE">0</atprecis><attscale Sync="TRUE">0</attscale></attr><attr><attrlabl Sync="TRUE">SPEED_IMP</attrlabl><attalias Sync="TRUE">SPEED_IMP</attalias><attrtype Sync="TRUE">Integer</attrtype><attwidth Sync="TRUE">5</attwidth><atprecis Sync="TRUE">5</atprecis><attscale Sync="TRUE">0</attscale></attr><attr><attrlabl Sync="TRUE">EMERG_ACC</attrlabl><attalias Sync="TRUE">EMERG_ACC</attalias><attrtype Sync="TRUE">String</attrtype><attwidth Sync="TRUE">3</attwidth><atprecis Sync="TRUE">0</atprecis><attscale Sync="TRUE">0</attscale></attr><attr><attrlabl Sync="TRUE">SPEEDLIMIT</attrlabl><attalias Sync="TRUE">SPEEDLIMIT</attalias><attrtype Sync="TRUE">Integer</attrtype><attwidth Sync="TRUE">5</attwidth><atprecis Sync="TRUE">5</atprecis><attscale Sync="TRUE">0</attscale></attr><attr><attrlabl Sync="TRUE">ROUTE_NAME</attrlabl><attalias Sync="TRUE">ROUTE_NAME</attalias><attrtype Sync="TRUE">String</attrtype><attwidth Sync="TRUE">30</attwidth><atprecis Sync="TRUE">0</atprecis><attscale Sync="TRUE">0</attscale></attr><attr><attrlabl Sync="TRUE">ROUTE_NUM</attrlabl><attalias Sync="TRUE">ROUTE_NUM</attalias><attrtype Sync="TRUE">String</attrtype><attwidth Sync="TRUE">5</attwidth><atprecis Sync="TRUE">0</atprecis><attscale Sync="TRUE">0</attscale></attr><attr><attrlabl Sync="TRUE">ESN_L</attrlabl><attalias Sync="TRUE">ESN_L</attalias><attrtype Sync="TRUE">String</attrtype><attwidth Sync="TRUE">5</attwidth><atprecis Sync="TRUE">0</atprecis><attscale Sync="TRUE">0</attscale></attr><attr><attrlabl Sync="TRUE">ESN_R</attrlabl><attalias Sync="TRUE">ESN_R</attalias><attrtype Sync="TRUE">String</attrtype><attwidth Sync="TRUE">5</attwidth><atprecis Sync="TRUE">0</atprecis><attscale Sync="TRUE">0</attscale></attr><attr><attrlabl Sync="TRUE">MSAG_C_L</attrlabl><attalias Sync="TRUE">MSAG_C_L</attalias><attrtype Sync="TRUE">String</attrtype><attwidth Sync="TRUE">30</attwidth><atprecis Sync="TRUE">0</atprecis><attscale Sync="TRUE">0</attscale></attr><attr><attrlabl Sync="TRUE">MSAG_C_R</attrlabl><attalias Sync="TRUE">MSAG_C_R</attalias><attrtype Sync="TRUE">String</attrtype><attwidth Sync="TRUE">30</attwidth><atprecis Sync="TRUE">0</atprecis><attscale Sync="TRUE">0</attscale></attr><attr><attrlabl Sync="TRUE">PSAP_L</attrlabl><attalias Sync="TRUE">PSAP_L</attalias><attrtype Sync="TRUE">String</attrtype><attwidth Sync="TRUE">25</attwidth><atprecis Sync="TRUE">0</atprecis><attscale Sync="TRUE">0</attscale></attr><attr><attrlabl Sync="TRUE">PSAP_R</attrlabl><attalias Sync="TRUE">PSAP_R</attalias><attrtype Sync="TRUE">String</attrtype><attwidth Sync="TRUE">25</attwidth><atprecis Sync="TRUE">0</atprecis><attscale Sync="TRUE">0</attscale></attr><attr><attrlabl Sync="TRUE">STATUS</attrlabl><attalias Sync="TRUE">STATUS</attalias><attrtype Sync="TRUE">String</attrtype><attwidth Sync="TRUE">20</attwidth><atprecis Sync="TRUE">0</atprecis><attscale Sync="TRUE">0</attscale></attr><attr><attrlabl Sync="TRUE">ACT_DATE</attrlabl><attalias Sync="TRUE">ACT_DATE</attalias><attrtype Sync="TRUE">Date</attrtype><attwidth Sync="TRUE">8</attwidth><atprecis Sync="TRUE">0</atprecis><attscale Sync="TRUE">0</attscale></attr><attr><attrlabl Sync="TRUE">RET_DATE</attrlabl><attalias Sync="TRUE">RET_DATE</attalias><attrtype Sync="TRUE">Date</attrtype><attwidth Sync="TRUE">8</attwidth><atprecis Sync="TRUE">0</atprecis><attscale Sync="TRUE">0</attscale></attr><attr><attrlabl Sync="TRUE">EDITED_BY</attrlabl><attalias Sync="TRUE">EDITED_BY</attalias><attrtype Sync="TRUE">String</attrtype><attwidth Sync="TRUE">50</attwidth><atprecis Sync="TRUE">0</atprecis><attscale Sync="TRUE">0</attscale></attr><attr><attrlabl Sync="TRUE">EDITED_DT</attrlabl><attalias Sync="TRUE">EDITED_DT</attalias><attrtype Sync="TRUE">Date</attrtype><attwidth Sync="TRUE">8</attwidth><atprecis Sync="TRUE">0</atprecis><attscale Sync="TRUE">0</attscale></attr><attr><attrlabl Sync="TRUE">SOURCE</attrlabl><attalias Sync="TRUE">SOURCE</attalias><attrtype Sync="TRUE">String</attrtype><attwidth Sync="TRUE">50</attwidth><atprecis Sync="TRUE">0</atprecis><attscale Sync="TRUE">0</attscale></attr><attr><attrlabl Sync="TRUE">FUNCTIONAL</attrlabl><attalias Sync="TRUE">FUNCTIONAL</attalias><attrtype Sync="TRUE">String</attrtype><attwidth Sync="TRUE">4</attwidth><atprecis Sync="TRUE">0</atprecis><attscale Sync="TRUE">0</attscale></attr><attr><attrlabl Sync="TRUE">SURF_TYPE</attrlabl><attalias Sync="TRUE">SURF_TYPE</attalias><attrtype Sync="TRUE">String</attrtype><attwidth Sync="TRUE">32</attwidth><atprecis Sync="TRUE">0</atprecis><attscale Sync="TRUE">0</attscale></attr><attr><attrlabl Sync="TRUE">POSTCOMM_L</attrlabl><attalias Sync="TRUE">POSTCOMM_L</attalias><attrtype Sync="TRUE">String</attrtype><attwidth Sync="TRUE">40</attwidth><atprecis Sync="TRUE">0</atprecis><attscale Sync="TRUE">0</attscale></attr><attr><attrlabl Sync="TRUE">POSTCOMM_R</attrlabl><attalias Sync="TRUE">POSTCOMM_R</attalias><attrtype Sync="TRUE">String</attrtype><attwidth Sync="TRUE">40</attwidth><atprecis Sync="TRUE">0</atprecis><attscale Sync="TRUE">0</attscale></attr><attr><attrlabl Sync="TRUE">Shape</attrlabl><attalias Sync="TRUE">Shape</attalias><attrtype Sync="TRUE">Geometry</attrtype><attwidth Sync="TRUE">0</attwidth><atprecis Sync="TRUE">0</atprecis><attscale Sync="TRUE">0</attscale><attrdef Sync="TRUE">Feature geometry.</attrdef><attrdefs Sync="TRUE">Esri</attrdefs><attrdomv><udom Sync="TRUE">Coordinates defining the features.</udom></attrdomv></attr><attr><attrlabl Sync="TRUE">Shape_len</attrlabl><attalias Sync="TRUE">Shape_len</attalias><attrtype Sync="TRUE">Double</attrtype><attwidth Sync="TRUE">19</attwidth><atprecis Sync="TRUE">0</atprecis><attscale Sync="TRUE">0</attscale></attr></detailed></eainfo><mdDateSt Sync="TRUE">20161216</mdDateSt></metadata>
