<metadata xml:lang="en"><Esri><CreaDate>20151123</CreaDate><CreaTime>11374600</CreaTime><ArcGISFormat>1.0</ArcGISFormat><ArcGISstyle>Item Description</ArcGISstyle><SyncOnce>FALSE</SyncOnce><DataProperties><lineage><Process ToolSource="c:\program files (x86)\arcgis\desktop10.2\ArcToolbox\Toolboxes\Data Management Tools.tbx\Project" Date="20150831" Time="142336">Project "Database Connections\gissqldev_hennepin_gis.sde\HENNEPIN.GIS.RamseyWarehouseSchema" "Database Connections\gissqldev_hennepin_gis.sde\HENNEPIN.GIS.RamseyWarehouseSchema_UTM" PROJCS['NAD_1983_UTM_Zone_15N',GEOGCS['GCS_North_American_1983',DATUM['D_North_American_1983',SPHEROID['GRS_1980',6378137.0,298.257222101]],PRIMEM['Greenwich',0.0],UNIT['Degree',0.0174532925199433]],PROJECTION['Transverse_Mercator'],PARAMETER['False_Easting',500000.0],PARAMETER['False_Northing',0.0],PARAMETER['Central_Meridian',-93.0],PARAMETER['Scale_Factor',0.9996],PARAMETER['Latitude_Of_Origin',0.0],UNIT['Meter',1.0]] # PROJCS['NAD_1983_86_Adj_MN_Ramsey_Feet',GEOGCS['GCS_NAD_1983_HARN_Adj_MN_Ramsey',DATUM['D_NAD_1983_HARN_Adj_MN_Ramsey',SPHEROID['S_GRS_1980_Adj_MN_Ramsey',6378418.941,298.2572221008827]],PRIMEM['Greenwich',0.0],UNIT['Degree',0.0174532925199433]],PROJECTION['Lambert_Conformal_Conic'],PARAMETER['False_Easting',500000.0],PARAMETER['False_Northing',100000.0],PARAMETER['Central_Meridian',-93.38333333333334],PARAMETER['Standard_Parallel_1',44.88333333333333],PARAMETER['Standard_Parallel_2',45.13333333333333],PARAMETER['Latitude_Of_Origin',44.79111111111111],UNIT['Foot_US',0.3048006096012192]]</Process><Process ToolSource="c:\program files (x86)\arcgis\desktop10.3\ArcToolbox\Toolboxes\Data Management Tools.tbx\CalculateField" Date="20151204" Time="153717">CalculateField Dak.GIS.TRANS_MRCC_CENTERLINE UNIQUE_ID "659464-15B94368-6694-4E70-A646-149D146B66A5" VB #</Process><Process ToolSource="c:\program files (x86)\arcgis\desktop10.3\ArcToolbox\Toolboxes\Data Management Tools.tbx\CalculateField" Date="20151204" Time="154115">CalculateField Dak.GIS.TRANS_MRCC_CENTERLINE UNIQUE_ID "659464-19BF45DD-D3D8-4657-8721-748AE71BD657" VB #</Process><Process ToolSource="c:\program files (x86)\arcgis\desktop10.3\ArcToolbox\Toolboxes\Data Management Tools.tbx\CalculateField" Date="20151207" Time="080620">CalculateField Dak.GIS.TRANS_MRCC_CENTERLINE ROUTE_NAME ""US " &amp; [ROUTE_NUM]" VB #</Process><Process ToolSource="c:\program files (x86)\arcgis\desktop10.3\ArcToolbox\Toolboxes\Data Management Tools.tbx\CalculateField" Date="20151207" Time="080749">CalculateField Dak.GIS.TRANS_MRCC_CENTERLINE ROUTE_NAME ""MN " &amp; [ROUTE_NUM]" VB #</Process><Process ToolSource="c:\program files (x86)\arcgis\desktop10.3\ArcToolbox\Toolboxes\Data Management Tools.tbx\CalculateField" Date="20151207" Time="080942">CalculateField Dak.GIS.TRANS_MRCC_CENTERLINE ROUTE_NAME ""CSAH " &amp; [ROUTE_NUM]" VB #</Process><Process ToolSource="c:\program files (x86)\arcgis\desktop10.3\ArcToolbox\Toolboxes\Data Management Tools.tbx\CalculateField" Date="20151207" Time="081031">CalculateField Dak.GIS.TRANS_MRCC_CENTERLINE ROUTE_NAME ""CR " &amp; [ROUTE_NUM]" VB #</Process><Process ToolSource="c:\program files (x86)\arcgis\desktop10.3\ArcToolbox\Toolboxes\Data Management Tools.tbx\CalculateField" Date="20151207" Time="081916">CalculateField Dak.GIS.TRANS_MRCC_CENTERLINE ROUTE_SYS "03" VB #</Process><Process ToolSource="c:\program files (x86)\arcgis\desktop10.3\ArcToolbox\Toolboxes\Data Management Tools.tbx\CalculateField" Date="20151207" Time="082035">CalculateField Dak.GIS.TRANS_MRCC_CENTERLINE ROUTE_NAME ""MN " &amp; [ROUTE_NUM]" VB #</Process><Process ToolSource="c:\program files (x86)\arcgis\desktop10.3\ArcToolbox\Toolboxes\Data Management Tools.tbx\CalculateField" Date="20151207" Time="082254">CalculateField Dak.GIS.TRANS_MRCC_CENTERLINE ROUTE_NAME "CSAH 42" VB #</Process><Process ToolSource="c:\program files (x86)\arcgis\desktop10.3\ArcToolbox\Toolboxes\Data Management Tools.tbx\CalculateField" Date="20151207" Time="082539">CalculateField Dak.GIS.TRANS_MRCC_CENTERLINE ROUTE_NAME "CSAH 5" VB #</Process><Process ToolSource="c:\program files (x86)\arcgis\desktop10.3\ArcToolbox\Toolboxes\Data Management Tools.tbx\CalculateField" Date="20151207" Time="082628">CalculateField Dak.GIS.TRANS_MRCC_CENTERLINE ROUTE_SYS "04" VB #</Process><Process ToolSource="c:\program files (x86)\arcgis\desktop10.3\ArcToolbox\Toolboxes\Data Management Tools.tbx\CalculateField" Date="20151207" Time="082708">CalculateField Dak.GIS.TRANS_MRCC_CENTERLINE ROUTE_SYS "04" VB #</Process><Process ToolSource="c:\program files (x86)\arcgis\desktop10.3\ArcToolbox\Toolboxes\Data Management Tools.tbx\CalculateField" Date="20151207" Time="082930">CalculateField Dak.GIS.TRANS_MRCC_CENTERLINE ROUTE_NAME "MN 316" VB #</Process><Process ToolSource="c:\program files (x86)\arcgis\desktop10.3\ArcToolbox\Toolboxes\Data Management Tools.tbx\CalculateField" Date="20151207" Time="083043">CalculateField Dak.GIS.TRANS_MRCC_CENTERLINE ROUTE_SYS "03" VB #</Process><Process ToolSource="c:\program files (x86)\arcgis\desktop10.3\ArcToolbox\Toolboxes\Data Management Tools.tbx\CalculateField" Date="20151207" Time="083313">CalculateField Dak.GIS.TRANS_MRCC_CENTERLINE ROUTE_SYS "03" VB #</Process><Process ToolSource="c:\program files (x86)\arcgis\desktop10.3\ArcToolbox\Toolboxes\Data Management Tools.tbx\CalculateField" Date="20151207" Time="083350">CalculateField Dak.GIS.TRANS_MRCC_CENTERLINE ROUTE_NAME "MN 3" VB #</Process><Process ToolSource="c:\program files (x86)\arcgis\desktop10.3\ArcToolbox\Toolboxes\Data Management Tools.tbx\CalculateField" Date="20151207" Time="083548">CalculateField Dak.GIS.TRANS_MRCC_CENTERLINE ROUTE_SYS "03" VB #</Process><Process ToolSource="c:\program files (x86)\arcgis\desktop10.3\ArcToolbox\Toolboxes\Data Management Tools.tbx\CalculateField" Date="20151207" Time="083617">CalculateField Dak.GIS.TRANS_MRCC_CENTERLINE ROUTE_NAME "MN 156" VB #</Process><Process ToolSource="c:\program files (x86)\arcgis\desktop10.3\ArcToolbox\Toolboxes\Data Management Tools.tbx\CalculateField" Date="20151207" Time="085134">CalculateField Dak.GIS.TRANS_MRCC_CENTERLINE ROUTE_NAME "CR 28" VB #</Process><Process ToolSource="c:\program files (x86)\arcgis\desktop10.3\ArcToolbox\Toolboxes\Data Management Tools.tbx\CalculateField" Date="20151207" Time="085206">CalculateField Dak.GIS.TRANS_MRCC_CENTERLINE ROUTE_SYS "07" VB #</Process><Process ToolSource="c:\program files (x86)\arcgis\desktop10.3\ArcToolbox\Toolboxes\Data Management Tools.tbx\CalculateField" Date="20151207" Time="085221">CalculateField Dak.GIS.TRANS_MRCC_CENTERLINE ROUTE_SYS "04" VB #</Process><Process ToolSource="c:\program files (x86)\arcgis\desktop10.3\ArcToolbox\Toolboxes\Data Management Tools.tbx\CalculateField" Date="20151207" Time="085253">CalculateField Dak.GIS.TRANS_MRCC_CENTERLINE ROUTE_NAME "CSAH 28" VB #</Process><Process ToolSource="c:\program files (x86)\arcgis\desktop10.3\ArcToolbox\Toolboxes\Data Management Tools.tbx\CalculateField" Date="20151207" Time="085510">CalculateField Dak.GIS.TRANS_MRCC_CENTERLINE ROUTE_SYS "04" VB #</Process><Process ToolSource="c:\program files (x86)\arcgis\desktop10.3\ArcToolbox\Toolboxes\Data Management Tools.tbx\CalculateField" Date="20151207" Time="085535">CalculateField Dak.GIS.TRANS_MRCC_CENTERLINE ROUTE_NAME "CSAH 30" VB #</Process><Process ToolSource="c:\program files (x86)\arcgis\desktop10.3\ArcToolbox\Toolboxes\Data Management Tools.tbx\CalculateField" Date="20151207" Time="085858">CalculateField Dak.GIS.TRANS_MRCC_CENTERLINE ROUTE_SYS "07" VB #</Process><Process ToolSource="c:\program files (x86)\arcgis\desktop10.3\ArcToolbox\Toolboxes\Data Management Tools.tbx\CalculateField" Date="20151207" Time="085944">CalculateField Dak.GIS.TRANS_MRCC_CENTERLINE ROUTE_NAME "CR 33" VB #</Process><Process ToolSource="c:\program files (x86)\arcgis\desktop10.3\ArcToolbox\Toolboxes\Data Management Tools.tbx\CalculateField" Date="20151207" Time="090125">CalculateField Dak.GIS.TRANS_MRCC_CENTERLINE ROUTE_NAME "CR 4" VB #</Process><Process ToolSource="c:\program files (x86)\arcgis\desktop10.3\ArcToolbox\Toolboxes\Data Management Tools.tbx\CalculateField" Date="20151207" Time="090149">CalculateField Dak.GIS.TRANS_MRCC_CENTERLINE ROUTE_SYS "07" VB #</Process><Process ToolSource="c:\program files (x86)\arcgis\desktop10.3\ArcToolbox\Toolboxes\Data Management Tools.tbx\CalculateField" Date="20151207" Time="090336">CalculateField Dak.GIS.TRANS_MRCC_CENTERLINE ROUTE_NAME "CSAH 42" VB #</Process><Process ToolSource="c:\program files (x86)\arcgis\desktop10.3\ArcToolbox\Toolboxes\Data Management Tools.tbx\CalculateField" Date="20151207" Time="090502">CalculateField Dak.GIS.TRANS_MRCC_CENTERLINE ROUTE_SYS "04" VB #</Process><Process ToolSource="c:\program files (x86)\arcgis\desktop10.3\ArcToolbox\Toolboxes\Data Management Tools.tbx\CalculateField" Date="20151207" Time="090832">CalculateField Dak.GIS.TRANS_MRCC_CENTERLINE ROUTE_NAME "CR 43" VB #</Process><Process ToolSource="c:\program files (x86)\arcgis\desktop10.3\ArcToolbox\Toolboxes\Data Management Tools.tbx\CalculateField" Date="20151207" Time="090858">CalculateField Dak.GIS.TRANS_MRCC_CENTERLINE ROUTE_SYS "07" VB #</Process><Process ToolSource="c:\program files (x86)\arcgis\desktop10.3\ArcToolbox\Toolboxes\Data Management Tools.tbx\CalculateField" Date="20151207" Time="091046">CalculateField Dak.GIS.TRANS_MRCC_CENTERLINE ROUTE_NAME NULL VB #</Process><Process ToolSource="c:\program files (x86)\arcgis\desktop10.3\ArcToolbox\Toolboxes\Data Management Tools.tbx\CalculateField" Date="20151207" Time="091102">CalculateField Dak.GIS.TRANS_MRCC_CENTERLINE ROUTE_NUM 0 VB #</Process><Process ToolSource="c:\program files (x86)\arcgis\desktop10.3\ArcToolbox\Toolboxes\Data Management Tools.tbx\CalculateField" Date="20151207" Time="091303">CalculateField Dak.GIS.TRANS_MRCC_CENTERLINE ROUTE_NAME "CSAH 56" VB #</Process><Process ToolSource="c:\program files (x86)\arcgis\desktop10.3\ArcToolbox\Toolboxes\Data Management Tools.tbx\CalculateField" Date="20151207" Time="091421">CalculateField Dak.GIS.TRANS_MRCC_CENTERLINE ROUTE_SYS "04" VB #</Process><Process ToolSource="c:\program files (x86)\arcgis\desktop10.3\ArcToolbox\Toolboxes\Data Management Tools.tbx\CalculateField" Date="20151207" Time="091613">CalculateField Dak.GIS.TRANS_MRCC_CENTERLINE ROUTE_NAME "CR 64" VB #</Process><Process ToolSource="c:\program files (x86)\arcgis\desktop10.3\ArcToolbox\Toolboxes\Data Management Tools.tbx\CalculateField" Date="20151207" Time="091649">CalculateField Dak.GIS.TRANS_MRCC_CENTERLINE ROUTE_SYS "07" VB #</Process><Process ToolSource="c:\program files (x86)\arcgis\desktop10.3\ArcToolbox\Toolboxes\Data Management Tools.tbx\CalculateField" Date="20151207" Time="091751">CalculateField Dak.GIS.TRANS_MRCC_CENTERLINE ROUTE_SYS "04" VB #</Process><Process ToolSource="c:\program files (x86)\arcgis\desktop10.3\ArcToolbox\Toolboxes\Data Management Tools.tbx\CalculateField" Date="20151207" Time="091823">CalculateField Dak.GIS.TRANS_MRCC_CENTERLINE ROUTE_NAME "CSAH 70" VB #</Process><Process ToolSource="c:\program files (x86)\arcgis\desktop10.3\ArcToolbox\Toolboxes\Data Management Tools.tbx\CalculateField" Date="20151207" Time="092354">CalculateField Dak.GIS.TRANS_MRCC_CENTERLINE ROUTE_NAME "CSAH 73" VB #</Process><Process ToolSource="c:\program files (x86)\arcgis\desktop10.3\ArcToolbox\Toolboxes\Data Management Tools.tbx\CalculateField" Date="20151207" Time="092539">CalculateField Dak.GIS.TRANS_MRCC_CENTERLINE ROUTE_NAME "07" VB #</Process><Process ToolSource="c:\program files (x86)\arcgis\desktop10.3\ArcToolbox\Toolboxes\Data Management Tools.tbx\CalculateField" Date="20151207" Time="092556">CalculateField Dak.GIS.TRANS_MRCC_CENTERLINE ROUTE_NAME "CR 8" VB #</Process><Process ToolSource="c:\program files (x86)\arcgis\desktop10.3\ArcToolbox\Toolboxes\Data Management Tools.tbx\CalculateField" Date="20151207" Time="092616">CalculateField Dak.GIS.TRANS_MRCC_CENTERLINE ROUTE_SYS "07" VB #</Process><Process ToolSource="c:\program files (x86)\arcgis\desktop10.3\ArcToolbox\Toolboxes\Data Management Tools.tbx\CalculateField" Date="20151207" Time="092657">CalculateField Dak.GIS.TRANS_MRCC_CENTERLINE ROUTE_SYS "04" VB #</Process><Process ToolSource="c:\program files (x86)\arcgis\desktop10.3\ArcToolbox\Toolboxes\Data Management Tools.tbx\CalculateField" Date="20151207" Time="110143">CalculateField Dak.GIS.TRANS_MRCC_CENTERLINE COUNTY_L 659511 VB #</Process><Process ToolSource="c:\program files (x86)\arcgis\desktop10.3\ArcToolbox\Toolboxes\Data Management Tools.tbx\CalculateField" Date="20151207" Time="110343">CalculateField Dak.GIS.TRANS_MRCC_CENTERLINE COUNTY_R 659511 VB #</Process><Process ToolSource="c:\program files (x86)\arcgis\desktop10.3\ArcToolbox\Toolboxes\Data Management Tools.tbx\CalculateField" Date="20151207" Time="110554">CalculateField Dak.GIS.TRANS_MRCC_CENTERLINE COUNTY_R 659470 VB #</Process><Process ToolSource="c:\program files (x86)\arcgis\desktop10.3\ArcToolbox\Toolboxes\Data Management Tools.tbx\CalculateField" Date="20151207" Time="110745">CalculateField Dak.GIS.TRANS_MRCC_CENTERLINE COUNTY_L 659470 VB #</Process><Process ToolSource="c:\program files (x86)\arcgis\desktop10.3\ArcToolbox\Toolboxes\Data Management Tools.tbx\CalculateField" Date="20151207" Time="112022">CalculateField Dak.GIS.TRANS_MRCC_CENTERLINE COUNTY_R 659514 VB #</Process><Process ToolSource="c:\program files (x86)\arcgis\desktop10.3\ArcToolbox\Toolboxes\Data Management Tools.tbx\CalculateField" Date="20151207" Time="112300">CalculateField Dak.GIS.TRANS_MRCC_CENTERLINE COUNTY_R 659514 VB #</Process><Process ToolSource="c:\program files (x86)\arcgis\desktop10.3\ArcToolbox\Toolboxes\Data Management Tools.tbx\CalculateField" Date="20151208" Time="150752">CalculateField Dak.GIS.TRANS_MRCC_CENTERLINE CITY_R "New Market" VB #</Process><Process ToolSource="c:\program files (x86)\arcgis\desktop10.3\ArcToolbox\Toolboxes\Data Management Tools.tbx\CalculateField" Date="20151208" Time="151024">CalculateField Dak.GIS.TRANS_MRCC_CENTERLINE CITY_R "New Market Township" VB #</Process><Process ToolSource="c:\program files (x86)\arcgis\desktop10.3\ArcToolbox\Toolboxes\Data Management Tools.tbx\CalculateField" Date="20151208" Time="151039">CalculateField Dak.GIS.TRANS_MRCC_CENTERLINE CITYID_R 665104 VB #</Process><Process ToolSource="c:\program files (x86)\arcgis\desktop10.3\ArcToolbox\Toolboxes\Data Management Tools.tbx\CalculateField" Date="20151208" Time="151202">CalculateField Dak.GIS.TRANS_MRCC_CENTERLINE CITYID_L 664346 VB #</Process><Process ToolSource="c:\program files (x86)\arcgis\desktop10.3\ArcToolbox\Toolboxes\Data Management Tools.tbx\CalculateField" Date="20151209" Time="073907">CalculateField Dak.GIS.TRANS_MRCC_CENTERLINE CITY_R "Credit River Township" VB #</Process><Process ToolSource="c:\program files (x86)\arcgis\desktop10.3\ArcToolbox\Toolboxes\Data Management Tools.tbx\CalculateField" Date="20151209" Time="073940">CalculateField Dak.GIS.TRANS_MRCC_CENTERLINE CITYID_R 663886 VB #</Process><Process ToolSource="c:\program files (x86)\arcgis\desktop10.3\ArcToolbox\Toolboxes\Data Management Tools.tbx\CalculateField" Date="20151209" Time="080144">CalculateField Dak.GIS.TRANS_MRCC_CENTERLINE T_ADR_FR_R 12000 VB #</Process><Process ToolSource="c:\program files (x86)\arcgis\desktop10.3\ArcToolbox\Toolboxes\Data Management Tools.tbx\CalculateField" Date="20151209" Time="080219">CalculateField Dak.GIS.TRANS_MRCC_CENTERLINE T_ADR_TO_R 12006 VB #</Process><Process ToolSource="c:\program files (x86)\arcgis\desktop10.3\ArcToolbox\Toolboxes\Data Management Tools.tbx\CalculateField" Date="20151209" Time="080617">CalculateField Dak.GIS.TRANS_MRCC_CENTERLINE CITY_L "Bridgewater Township" VB #</Process><Process ToolSource="c:\program files (x86)\arcgis\desktop10.3\ArcToolbox\Toolboxes\Data Management Tools.tbx\CalculateField" Date="20151209" Time="080824">CalculateField Dak.GIS.TRANS_MRCC_CENTERLINE CITYID_L 663665 VB #</Process><Process ToolSource="c:\program files (x86)\arcgis\desktop10.3\ArcToolbox\Toolboxes\Data Management Tools.tbx\CalculateField" Date="20151209" Time="081019">CalculateField Dak.GIS.TRANS_MRCC_CENTERLINE CITYID_R 2395265 VB #</Process><Process ToolSource="c:\program files (x86)\arcgis\desktop10.3\ArcToolbox\Toolboxes\Data Management Tools.tbx\CalculateField" Date="20151209" Time="081045">CalculateField Dak.GIS.TRANS_MRCC_CENTERLINE CITY_R Northfield VB #</Process><Process ToolSource="c:\program files (x86)\arcgis\desktop10.3\ArcToolbox\Toolboxes\Data Management Tools.tbx\CalculateField" Date="20151209" Time="081101">CalculateField Dak.GIS.TRANS_MRCC_CENTERLINE CITY_R "Northfield" VB #</Process><Process ToolSource="c:\program files (x86)\arcgis\desktop10.3\ArcToolbox\Toolboxes\Data Management Tools.tbx\CalculateField" Date="20151209" Time="081300">CalculateField Dak.GIS.TRANS_MRCC_CENTERLINE CITY_L "Northfield" VB #</Process><Process ToolSource="c:\program files (x86)\arcgis\desktop10.3\ArcToolbox\Toolboxes\Data Management Tools.tbx\CalculateField" Date="20151209" Time="081607">CalculateField Dak.GIS.TRANS_MRCC_CENTERLINE CITYID_L 2395265 VB #</Process><Process ToolSource="c:\program files (x86)\arcgis\desktop10.3\ArcToolbox\Toolboxes\Data Management Tools.tbx\CalculateField" Date="20151209" Time="081747">CalculateField Dak.GIS.TRANS_MRCC_CENTERLINE CITYID_L 665155 VB #</Process><Process ToolSource="c:\program files (x86)\arcgis\desktop10.3\ArcToolbox\Toolboxes\Data Management Tools.tbx\CalculateField" Date="20151209" Time="081845">CalculateField Dak.GIS.TRANS_MRCC_CENTERLINE CITY_L "Northfield Township" VB #</Process><Process ToolSource="c:\program files (x86)\arcgis\desktop10.3\ArcToolbox\Toolboxes\Data Management Tools.tbx\CalculateField" Date="20151209" Time="081955">CalculateField Dak.GIS.TRANS_MRCC_CENTERLINE CITY_R "Northfield Township" VB #</Process><Process ToolSource="c:\program files (x86)\arcgis\desktop10.3\ArcToolbox\Toolboxes\Data Management Tools.tbx\CalculateField" Date="20151209" Time="082031">CalculateField Dak.GIS.TRANS_MRCC_CENTERLINE CITYID_R 665155 VB #</Process><Process ToolSource="c:\program files (x86)\arcgis\desktop10.3\ArcToolbox\Toolboxes\Data Management Tools.tbx\CalculateField" Date="20151209" Time="082312">CalculateField Dak.GIS.TRANS_MRCC_CENTERLINE CITYID_R 2393731 VB #</Process><Process ToolSource="c:\program files (x86)\arcgis\desktop10.3\ArcToolbox\Toolboxes\Data Management Tools.tbx\CalculateField" Date="20151209" Time="082331">CalculateField Dak.GIS.TRANS_MRCC_CENTERLINE CITY_R "Cannon Falls" VB #</Process><Process ToolSource="c:\program files (x86)\arcgis\desktop10.3\ArcToolbox\Toolboxes\Data Management Tools.tbx\CalculateField" Date="20151209" Time="082557">CalculateField Dak.GIS.TRANS_MRCC_CENTERLINE CITY_R "Cannon Falls Township" VB #</Process><Process ToolSource="c:\program files (x86)\arcgis\desktop10.3\ArcToolbox\Toolboxes\Data Management Tools.tbx\CalculateField" Date="20151209" Time="082619">CalculateField Dak.GIS.TRANS_MRCC_CENTERLINE CITYID_R 663744 VB #</Process><Process ToolSource="c:\program files (x86)\arcgis\desktop10.3\ArcToolbox\Toolboxes\Data Management Tools.tbx\CalculateField" Date="20151209" Time="082815">CalculateField Dak.GIS.TRANS_MRCC_CENTERLINE CITYID_L 665947 VB #</Process><Process ToolSource="c:\program files (x86)\arcgis\desktop10.3\ArcToolbox\Toolboxes\Data Management Tools.tbx\CalculateField" Date="20151209" Time="082902">CalculateField Dak.GIS.TRANS_MRCC_CENTERLINE CITY_L "Welch Township" VB #</Process><Process ToolSource="c:\program files (x86)\arcgis\desktop10.3\ArcToolbox\Toolboxes\Data Management Tools.tbx\CalculateField" Date="20151209" Time="083601">CalculateField Dak.GIS.TRANS_MRCC_CENTERLINE CITYID_L "Int ( [CITYID_L] )" VB #</Process><Process ToolSource="c:\program files (x86)\arcgis\desktop10.3\ArcToolbox\Toolboxes\Data Management Tools.tbx\CalculateField" Date="20151209" Time="083651">CalculateField Dak.GIS.TRANS_MRCC_CENTERLINE CITYID_L "Int ( [CITYID_L] )" VB #</Process><Process ToolSource="c:\program files (x86)\arcgis\desktop10.3\ArcToolbox\Toolboxes\Data Management Tools.tbx\CalculateField" Date="20151209" Time="083749">CalculateField Dak.GIS.TRANS_MRCC_CENTERLINE CITYID_R "Int ( [CITYID_R] )" VB #</Process><Process ToolSource="c:\program files (x86)\arcgis\desktop10.3\ArcToolbox\Toolboxes\Data Management Tools.tbx\CalculateField" Date="20151209" Time="085614">CalculateField Dak.GIS.TRANS_MRCC_CENTERLINE CITYID_L 663994
 VB #</Process><Process ToolSource="c:\program files (x86)\arcgis\desktop10.3\ArcToolbox\Toolboxes\Data Management Tools.tbx\CalculateField" Date="20151209" Time="085657">CalculateField Dak.GIS.TRANS_MRCC_CENTERLINE CITYID_L 663994
 VB #</Process><Process ToolSource="c:\program files (x86)\arcgis\desktop10.3\ArcToolbox\Toolboxes\Data Management Tools.tbx\CalculateField" Date="20151209" Time="085748">CalculateField Dak.GIS.TRANS_MRCC_CENTERLINE CITYID_R 663994
 VB #</Process><Process ToolSource="c:\program files (x86)\arcgis\desktop10.3\ArcToolbox\Toolboxes\Data Management Tools.tbx\CalculateField" Date="20151209" Time="085918">CalculateField Dak.GIS.TRANS_MRCC_CENTERLINE CITYID_R 2394586
 VB #</Process><Process ToolSource="c:\program files (x86)\arcgis\desktop10.3\ArcToolbox\Toolboxes\Data Management Tools.tbx\CalculateField" Date="20151209" Time="090015">CalculateField Dak.GIS.TRANS_MRCC_CENTERLINE CITYID_L 2394586
 VB #</Process><Process ToolSource="c:\program files (x86)\arcgis\desktop10.3\ArcToolbox\Toolboxes\Data Management Tools.tbx\CalculateField" Date="20151209" Time="090123">CalculateField Dak.GIS.TRANS_MRCC_CENTERLINE CITYID_L 664099

 VB #</Process><Process ToolSource="c:\program files (x86)\arcgis\desktop10.3\ArcToolbox\Toolboxes\Data Management Tools.tbx\CalculateField" Date="20151209" Time="090143">CalculateField Dak.GIS.TRANS_MRCC_CENTERLINE CITYID_R 664099

 VB #</Process><Process ToolSource="c:\program files (x86)\arcgis\desktop10.3\ArcToolbox\Toolboxes\Data Management Tools.tbx\CalculateField" Date="20151209" Time="090251">CalculateField Dak.GIS.TRANS_MRCC_CENTERLINE CITYID_R 664113
 VB #</Process><Process ToolSource="c:\program files (x86)\arcgis\desktop10.3\ArcToolbox\Toolboxes\Data Management Tools.tbx\CalculateField" Date="20151209" Time="090316">CalculateField Dak.GIS.TRANS_MRCC_CENTERLINE CITYID_L 664113
 VB #</Process><Process ToolSource="c:\program files (x86)\arcgis\desktop10.3\ArcToolbox\Toolboxes\Data Management Tools.tbx\CalculateField" Date="20151209" Time="101254">CalculateField Dak.GIS.TRANS_MRCC_CENTERLINE ESZ_L NULL VB #</Process><Process ToolSource="c:\program files (x86)\arcgis\desktop10.3\ArcToolbox\Toolboxes\Data Management Tools.tbx\CalculateField" Date="20151209" Time="101336">CalculateField Dak.GIS.TRANS_MRCC_CENTERLINE ESZ_R NULL VB #</Process><Process ToolSource="c:\program files (x86)\arcgis\desktop10.3\ArcToolbox\Toolboxes\Data Management Tools.tbx\CalculateField" Date="20151209" Time="101932">CalculateField Dak.GIS.TRANS_MRCC_CENTERLINE ROUTE_NUM NULL VB #</Process><Process ToolSource="c:\program files (x86)\arcgis\desktop10.3\ArcToolbox\Toolboxes\Data Management Tools.tbx\CalculateField" Date="20151209" Time="104729">CalculateField Dak.GIS.TRANS_MRCC_CENTERLINE PARITY_L "E" VB #</Process><Process ToolSource="c:\program files (x86)\arcgis\desktop10.3\ArcToolbox\Toolboxes\Data Management Tools.tbx\CalculateField" Date="20151209" Time="104936">CalculateField Dak.GIS.TRANS_MRCC_CENTERLINE PARITY_L "O" VB #</Process><Process ToolSource="c:\program files (x86)\arcgis\desktop10.3\ArcToolbox\Toolboxes\Data Management Tools.tbx\CalculateField" Date="20151209" Time="105551">CalculateField Dak.GIS.TRANS_MRCC_CENTERLINE PARITY_R "O" VB #</Process><Process ToolSource="c:\program files (x86)\arcgis\desktop10.3\ArcToolbox\Toolboxes\Data Management Tools.tbx\CalculateField" Date="20151209" Time="105712">CalculateField Dak.GIS.TRANS_MRCC_CENTERLINE PARITY_R "E" VB #</Process><Process ToolSource="c:\program files (x86)\arcgis\desktop10.3\ArcToolbox\Toolboxes\Data Management Tools.tbx\CalculateField" Date="20151209" Time="105912">CalculateField Dak.GIS.TRANS_MRCC_CENTERLINE PARITY_R "Z" VB #</Process><Process ToolSource="c:\program files (x86)\arcgis\desktop10.3\ArcToolbox\Toolboxes\Data Management Tools.tbx\CalculateField" Date="20151209" Time="110336">CalculateField Dak.GIS.TRANS_MRCC_CENTERLINE PARITY_L "Z" VB #</Process><Process ToolSource="c:\program files (x86)\arcgis\desktop10.3\ArcToolbox\Toolboxes\Data Management Tools.tbx\CalculateField" Date="20151209" Time="110501">CalculateField Dak.GIS.TRANS_MRCC_CENTERLINE PARITY_R "Z" VB #</Process><Process ToolSource="c:\program files (x86)\arcgis\desktop10.3\ArcToolbox\Toolboxes\Data Management Tools.tbx\CalculateField" Date="20151211" Time="081558">CalculateField Dak.GIS.TRANS_MRCC_CENTERLINE ROUTE_SYS 04 VB #</Process><Process ToolSource="c:\program files (x86)\arcgis\desktop10.3\ArcToolbox\Toolboxes\Data Management Tools.tbx\CalculateField" Date="20151211" Time="081617">CalculateField Dak.GIS.TRANS_MRCC_CENTERLINE ROUTE_SYS "04" VB #</Process><Process ToolSource="c:\program files (x86)\arcgis\desktop10.3\ArcToolbox\Toolboxes\Data Management Tools.tbx\CalculateField" Date="20151211" Time="081742">CalculateField Dak.GIS.TRANS_MRCC_CENTERLINE ROUTE_SYS "04" VB #</Process><Process ToolSource="c:\program files (x86)\arcgis\desktop10.3\ArcToolbox\Toolboxes\Data Management Tools.tbx\CalculateField" Date="20151211" Time="082001">CalculateField Dak.GIS.TRANS_MRCC_CENTERLINE ROUTE_NUM "78" VB #</Process><Process ToolSource="c:\program files (x86)\arcgis\desktop10.3\ArcToolbox\Toolboxes\Data Management Tools.tbx\CalculateField" Date="20151211" Time="082028">CalculateField Dak.GIS.TRANS_MRCC_CENTERLINE ROUTE_NAME "CSAH 78" VB #</Process><Process ToolSource="c:\program files (x86)\arcgis\desktop10.3\ArcToolbox\Toolboxes\Data Management Tools.tbx\CalculateField" Date="20151211" Time="082149">CalculateField Dak.GIS.TRANS_MRCC_CENTERLINE ROUTE_NAME "CSAH 78" VB #</Process><Process ToolSource="c:\program files (x86)\arcgis\desktop10.3\ArcToolbox\Toolboxes\Data Management Tools.tbx\CalculateField" Date="20151211" Time="082219">CalculateField Dak.GIS.TRANS_MRCC_CENTERLINE ROUTE_NUM "78" VB #</Process><Process ToolSource="c:\program files (x86)\arcgis\desktop10.3\ArcToolbox\Toolboxes\Data Management Tools.tbx\CalculateField" Date="20151211" Time="082430">CalculateField Dak.GIS.TRANS_MRCC_CENTERLINE ROUTE_NAME "CSAH 79" VB #</Process><Process ToolSource="c:\program files (x86)\arcgis\desktop10.3\ArcToolbox\Toolboxes\Data Management Tools.tbx\CalculateField" Date="20151211" Time="082450">CalculateField Dak.GIS.TRANS_MRCC_CENTERLINE ROUTE_SYS "04" VB #</Process><Process ToolSource="c:\program files (x86)\arcgis\desktop10.3\ArcToolbox\Toolboxes\Data Management Tools.tbx\CalculateField" Date="20151211" Time="082834">CalculateField Dak.GIS.TRANS_MRCC_CENTERLINE ROUTE_NUM NULL VB #</Process><Process ToolSource="c:\program files (x86)\arcgis\desktop10.3\ArcToolbox\Toolboxes\Data Management Tools.tbx\CalculateField" Date="20151211" Time="082843">CalculateField Dak.GIS.TRANS_MRCC_CENTERLINE ROUTE_NAME NULL VB #</Process><Process ToolSource="c:\program files (x86)\arcgis\desktop10.3\ArcToolbox\Toolboxes\Data Management Tools.tbx\CalculateField" Date="20151211" Time="082952">CalculateField Dak.GIS.TRANS_MRCC_CENTERLINE ROUTE_SYS "08" VB #</Process><Process ToolSource="c:\program files (x86)\arcgis\desktop10.3\ArcToolbox\Toolboxes\Data Management Tools.tbx\CalculateField" Date="20151211" Time="083032">CalculateField Dak.GIS.TRANS_MRCC_CENTERLINE ROUTE_SYS "08" VB #</Process><Process ToolSource="c:\program files (x86)\arcgis\desktop10.3\ArcToolbox\Toolboxes\Data Management Tools.tbx\CalculateField" Date="20151211" Time="083114">CalculateField Dak.GIS.TRANS_MRCC_CENTERLINE ROUTE_NAME null VB #</Process><Process ToolSource="c:\program files (x86)\arcgis\desktop10.3\ArcToolbox\Toolboxes\Data Management Tools.tbx\CalculateField" Date="20151211" Time="083121">CalculateField Dak.GIS.TRANS_MRCC_CENTERLINE ROUTE_NUM null VB #</Process><Process ToolSource="c:\program files (x86)\arcgis\desktop10.3\ArcToolbox\Toolboxes\Data Management Tools.tbx\CalculateField" Date="20151211" Time="083233">CalculateField Dak.GIS.TRANS_MRCC_CENTERLINE ROUTE_NUM "80" VB #</Process><Process ToolSource="c:\program files (x86)\arcgis\desktop10.3\ArcToolbox\Toolboxes\Data Management Tools.tbx\CalculateField" Date="20151211" Time="083244">CalculateField Dak.GIS.TRANS_MRCC_CENTERLINE ROUTE_NAME "CSAH 80" VB #</Process><Process ToolSource="c:\program files (x86)\arcgis\desktop10.3\ArcToolbox\Toolboxes\Data Management Tools.tbx\CalculateField" Date="20151211" Time="083300">CalculateField Dak.GIS.TRANS_MRCC_CENTERLINE ROUTE_SYS "04" VB #</Process><Process ToolSource="c:\program files (x86)\arcgis\desktop10.3\ArcToolbox\Toolboxes\Data Management Tools.tbx\CalculateField" Date="20151211" Time="083450">CalculateField Dak.GIS.TRANS_MRCC_CENTERLINE ROUTE_SYS "04" VB #</Process><Process ToolSource="c:\program files (x86)\arcgis\desktop10.3\ArcToolbox\Toolboxes\Data Management Tools.tbx\CalculateField" Date="20151211" Time="083519">CalculateField Dak.GIS.TRANS_MRCC_CENTERLINE ROUTE_NAME "CSAH 64" VB #</Process><Process ToolSource="c:\program files (x86)\arcgis\desktop10.3\ArcToolbox\Toolboxes\Data Management Tools.tbx\CalculateField" Date="20151211" Time="083634">CalculateField Dak.GIS.TRANS_MRCC_CENTERLINE ROUTE_NAME "CSAH 78" VB #</Process><Process ToolSource="c:\program files (x86)\arcgis\desktop10.3\ArcToolbox\Toolboxes\Data Management Tools.tbx\CalculateField" Date="20151211" Time="084017">CalculateField Dak.GIS.TRANS_MRCC_CENTERLINE ROUTE_NAME "CSAH 28" VB #</Process><Process ToolSource="c:\program files (x86)\arcgis\desktop10.3\ArcToolbox\Toolboxes\Data Management Tools.tbx\CalculateField" Date="20151211" Time="084033">CalculateField Dak.GIS.TRANS_MRCC_CENTERLINE ROUTE_SYS "04" VB #</Process><Process ToolSource="c:\program files (x86)\arcgis\desktop10.3\ArcToolbox\Toolboxes\Data Management Tools.tbx\CalculateField" Date="20151211" Time="084439">CalculateField Dak.GIS.TRANS_MRCC_CENTERLINE ROUTE_NAME "CSAH 78" VB #</Process><Process ToolSource="c:\program files (x86)\arcgis\desktop10.3\ArcToolbox\Toolboxes\Data Management Tools.tbx\CalculateField" Date="20151211" Time="084456">CalculateField Dak.GIS.TRANS_MRCC_CENTERLINE ROUTE_NUM "78" VB #</Process><Process ToolSource="c:\program files (x86)\arcgis\desktop10.3\ArcToolbox\Toolboxes\Data Management Tools.tbx\CalculateField" Date="20151215" Time="105805">CalculateField Dak.GIS.TRANS_MRCC_CENTERLINE PARITY_L "Z" VB #</Process><Process ToolSource="c:\program files (x86)\arcgis\desktop10.3\ArcToolbox\Toolboxes\Data Management Tools.tbx\CalculateField" Date="20151215" Time="110008">CalculateField Dak.GIS.TRANS_MRCC_CENTERLINE PARITY_R "Z" VB #</Process><Process ToolSource="c:\program files (x86)\arcgis\desktop10.3\ArcToolbox\Toolboxes\Data Management Tools.tbx\CalculateField" Date="20151215" Time="110706">CalculateField Dak.GIS.TRANS_MRCC_CENTERLINE PARITY_L "E" VB #</Process><Process ToolSource="c:\program files (x86)\arcgis\desktop10.3\ArcToolbox\Toolboxes\Data Management Tools.tbx\CalculateField" Date="20151215" Time="110849">CalculateField Dak.GIS.TRANS_MRCC_CENTERLINE PARITY_L "O" VB #</Process><Process ToolSource="c:\program files (x86)\arcgis\desktop10.3\ArcToolbox\Toolboxes\Data Management Tools.tbx\CalculateField" Date="20151215" Time="112229">CalculateField Dak.GIS.TRANS_MRCC_CENTERLINE PARITY_L "B" VB #</Process><Process ToolSource="c:\program files (x86)\arcgis\desktop10.3\ArcToolbox\Toolboxes\Data Management Tools.tbx\CalculateField" Date="20151215" Time="112301">CalculateField Dak.GIS.TRANS_MRCC_CENTERLINE T_ADR_FR_L 2 VB #</Process><Process ToolSource="c:\program files (x86)\arcgis\desktop10.3\ArcToolbox\Toolboxes\Data Management Tools.tbx\CalculateField" Date="20151215" Time="112632">CalculateField Dak.GIS.TRANS_MRCC_CENTERLINE PARITY_R "E" VB #</Process><Process ToolSource="c:\program files (x86)\arcgis\desktop10.3\ArcToolbox\Toolboxes\Data Management Tools.tbx\CalculateField" Date="20151215" Time="112925">CalculateField Dak.GIS.TRANS_MRCC_CENTERLINE PARITY_R "O" VB #</Process><Process ToolSource="c:\program files (x86)\arcgis\desktop10.3\ArcToolbox\Toolboxes\Data Management Tools.tbx\CalculateField" Date="20151215" Time="113115">CalculateField Dak.GIS.TRANS_MRCC_CENTERLINE PARITY_R "B" VB #</Process><Process ToolSource="c:\program files (x86)\arcgis\desktop10.3\ArcToolbox\Toolboxes\Data Management Tools.tbx\CalculateField" Date="20151215" Time="134941">CalculateField Dak.GIS.TRANS_MRCC_CENTERLINE ZIP_L 55044 VB #</Process><Process ToolSource="c:\program files (x86)\arcgis\desktop10.3\ArcToolbox\Toolboxes\Data Management Tools.tbx\CalculateField" Date="20151215" Time="134959">CalculateField Dak.GIS.TRANS_MRCC_CENTERLINE ZIP_R 55044 VB #</Process><Process ToolSource="c:\program files (x86)\arcgis\desktop10.3\ArcToolbox\Toolboxes\Data Management Tools.tbx\CalculateField" Date="20151215" Time="135020">CalculateField Dak.GIS.TRANS_MRCC_CENTERLINE CITY_L "Lakeville" VB #</Process><Process ToolSource="c:\program files (x86)\arcgis\desktop10.3\ArcToolbox\Toolboxes\Data Management Tools.tbx\CalculateField" Date="20151215" Time="135031">CalculateField Dak.GIS.TRANS_MRCC_CENTERLINE CITY_R "Lakeville" VB #</Process><Process ToolSource="c:\program files (x86)\arcgis\desktop10.3\ArcToolbox\Toolboxes\Data Management Tools.tbx\CalculateField" Date="20151215" Time="135128">CalculateField Dak.GIS.TRANS_MRCC_CENTERLINE CITYID_L 2395614 VB #</Process><Process ToolSource="c:\program files (x86)\arcgis\desktop10.3\ArcToolbox\Toolboxes\Data Management Tools.tbx\CalculateField" Date="20151215" Time="135139">CalculateField Dak.GIS.TRANS_MRCC_CENTERLINE CITYID_R 2395614 VB #</Process><Process ToolSource="c:\program files (x86)\arcgis\desktop10.3\ArcToolbox\Toolboxes\Data Management Tools.tbx\CalculateField" Date="20151215" Time="135225">CalculateField Dak.GIS.TRANS_MRCC_CENTERLINE MSAG_C_L "LAKEVILLE" VB #</Process><Process ToolSource="c:\program files (x86)\arcgis\desktop10.3\ArcToolbox\Toolboxes\Data Management Tools.tbx\CalculateField" Date="20151215" Time="135242">CalculateField Dak.GIS.TRANS_MRCC_CENTERLINE MSAG_C_R "LAKEVILLE" VB #</Process><Process ToolSource="c:\program files (x86)\arcgis\desktop10.3\ArcToolbox\Toolboxes\Data Management Tools.tbx\CalculateField" Date="20151215" Time="135424">CalculateField Dak.GIS.TRANS_MRCC_CENTERLINE MSAG_C_L "EAGAN" VB #</Process><Process ToolSource="c:\program files (x86)\arcgis\desktop10.3\ArcToolbox\Toolboxes\Data Management Tools.tbx\CalculateField" Date="20151215" Time="135505">CalculateField Dak.GIS.TRANS_MRCC_CENTERLINE CITY_L "Eagan" VB #</Process><Process ToolSource="c:\program files (x86)\arcgis\desktop10.3\ArcToolbox\Toolboxes\Data Management Tools.tbx\CalculateField" Date="20151215" Time="135521">CalculateField Dak.GIS.TRANS_MRCC_CENTERLINE CITYID_L 2394586 VB #</Process><Process ToolSource="c:\program files (x86)\arcgis\desktop10.3\ArcToolbox\Toolboxes\Data Management Tools.tbx\CalculateField" Date="20151215" Time="135548">CalculateField Dak.GIS.TRANS_MRCC_CENTERLINE ZIP_L 55122 VB #</Process><Process ToolSource="c:\program files (x86)\arcgis\desktop10.3\ArcToolbox\Toolboxes\Data Management Tools.tbx\CalculateField" Date="20151215" Time="140933">CalculateField Dak.GIS.TRANS_MRCC_CENTERLINE CITY_L "Lakeville" VB #</Process><Process ToolSource="c:\program files (x86)\arcgis\desktop10.3\ArcToolbox\Toolboxes\Data Management Tools.tbx\CalculateField" Date="20151215" Time="140945">CalculateField Dak.GIS.TRANS_MRCC_CENTERLINE CITY_R "Lakeville" VB #</Process><Process ToolSource="c:\program files (x86)\arcgis\desktop10.3\ArcToolbox\Toolboxes\Data Management Tools.tbx\CalculateField" Date="20151215" Time="140959">CalculateField Dak.GIS.TRANS_MRCC_CENTERLINE CITYID_R 2395614 VB #</Process><Process ToolSource="c:\program files (x86)\arcgis\desktop10.3\ArcToolbox\Toolboxes\Data Management Tools.tbx\CalculateField" Date="20151215" Time="141006">CalculateField Dak.GIS.TRANS_MRCC_CENTERLINE CITYID_L 2395614 VB #</Process><Process ToolSource="c:\program files (x86)\arcgis\desktop10.3\ArcToolbox\Toolboxes\Data Management Tools.tbx\CalculateField" Date="20151215" Time="141109">CalculateField Dak.GIS.TRANS_MRCC_CENTERLINE MSAG_C_L "LAKEVILLE" VB #</Process><Process ToolSource="c:\program files (x86)\arcgis\desktop10.3\ArcToolbox\Toolboxes\Data Management Tools.tbx\CalculateField" Date="20151215" Time="141117">CalculateField Dak.GIS.TRANS_MRCC_CENTERLINE MSAG_C_R "LAKEVILLE" VB #</Process><Process ToolSource="c:\program files (x86)\arcgis\desktop10.3\ArcToolbox\Toolboxes\Data Management Tools.tbx\CalculateField" Date="20151215" Time="141240">CalculateField Dak.GIS.TRANS_MRCC_CENTERLINE MSAG_C_L "LAKEVILLE" VB #</Process><Process ToolSource="c:\program files (x86)\arcgis\desktop10.3\ArcToolbox\Toolboxes\Data Management Tools.tbx\CalculateField" Date="20151215" Time="141251">CalculateField Dak.GIS.TRANS_MRCC_CENTERLINE MSAG_C_R "LAKEVILLE" VB #</Process><Process ToolSource="c:\program files (x86)\arcgis\desktop10.3\ArcToolbox\Toolboxes\Data Management Tools.tbx\CalculateField" Date="20151215" Time="141331">CalculateField Dak.GIS.TRANS_MRCC_CENTERLINE CITY_R "Lakeville" VB #</Process><Process ToolSource="c:\program files (x86)\arcgis\desktop10.3\ArcToolbox\Toolboxes\Data Management Tools.tbx\CalculateField" Date="20151215" Time="141337">CalculateField Dak.GIS.TRANS_MRCC_CENTERLINE CITY_L "Lakeville" VB #</Process><Process ToolSource="c:\program files (x86)\arcgis\desktop10.3\ArcToolbox\Toolboxes\Data Management Tools.tbx\CalculateField" Date="20151215" Time="141351">CalculateField Dak.GIS.TRANS_MRCC_CENTERLINE CITYID_R 2395614 VB #</Process><Process ToolSource="c:\program files (x86)\arcgis\desktop10.3\ArcToolbox\Toolboxes\Data Management Tools.tbx\CalculateField" Date="20151215" Time="141402">CalculateField Dak.GIS.TRANS_MRCC_CENTERLINE CITYID_L 2395614 VB #</Process><Process ToolSource="c:\program files (x86)\arcgis\desktop10.3\ArcToolbox\Toolboxes\Data Management Tools.tbx\CalculateField" Date="20151215" Time="141501">CalculateField Dak.GIS.TRANS_MRCC_CENTERLINE MSAG_C_L "LAKEVILLE" VB #</Process><Process ToolSource="c:\program files (x86)\arcgis\desktop10.3\ArcToolbox\Toolboxes\Data Management Tools.tbx\CalculateField" Date="20151215" Time="141511">CalculateField Dak.GIS.TRANS_MRCC_CENTERLINE MSAG_C_R "LAKEVILLE" VB #</Process><Process ToolSource="c:\program files (x86)\arcgis\desktop10.3\ArcToolbox\Toolboxes\Data Management Tools.tbx\CalculateField" Date="20151229" Time="103924">CalculateField Dak.GIS.TRANS_MRCC_CENTERLINE CITY_L "Eagan" VB #</Process><Process ToolSource="c:\program files (x86)\arcgis\desktop10.3\ArcToolbox\Toolboxes\Data Management Tools.tbx\CalculateField" Date="20151229" Time="103939">CalculateField Dak.GIS.TRANS_MRCC_CENTERLINE CITY_R "Eagan" VB #</Process><Process ToolSource="c:\program files (x86)\arcgis\desktop10.3\ArcToolbox\Toolboxes\Data Management Tools.tbx\CalculateField" Date="20151229" Time="104244">CalculateField Dak.GIS.TRANS_MRCC_CENTERLINE CITY_L "Apple Valley" VB #</Process><Process ToolSource="c:\program files (x86)\arcgis\desktop10.3\ArcToolbox\Toolboxes\Data Management Tools.tbx\CalculateField" Date="20151229" Time="104259">CalculateField Dak.GIS.TRANS_MRCC_CENTERLINE CITY_R "Apple Valley" VB #</Process><Process ToolSource="c:\program files (x86)\arcgis\desktop10.3\ArcToolbox\Toolboxes\Data Management Tools.tbx\CalculateField" Date="20151229" Time="104530">CalculateField Dak.GIS.TRANS_MRCC_CENTERLINE CITY_R "Burnsville" VB #</Process><Process ToolSource="c:\program files (x86)\arcgis\desktop10.3\ArcToolbox\Toolboxes\Data Management Tools.tbx\CalculateField" Date="20151229" Time="104546">CalculateField Dak.GIS.TRANS_MRCC_CENTERLINE CITY_L "Burnsville" VB #</Process><Process ToolSource="c:\program files (x86)\arcgis\desktop10.3\ArcToolbox\Toolboxes\Data Management Tools.tbx\CalculateField" Date="20151229" Time="104937">CalculateField Dak.GIS.TRANS_MRCC_CENTERLINE CITY_L "Farmington" VB #</Process><Process ToolSource="c:\program files (x86)\arcgis\desktop10.3\ArcToolbox\Toolboxes\Data Management Tools.tbx\CalculateField" Date="20151229" Time="104946">CalculateField Dak.GIS.TRANS_MRCC_CENTERLINE CITY_R "Farmington" VB #</Process><Process ToolSource="c:\program files (x86)\arcgis\desktop10.3\ArcToolbox\Toolboxes\Data Management Tools.tbx\CalculateField" Date="20151229" Time="105038">CalculateField Dak.GIS.TRANS_MRCC_CENTERLINE CITY_R "Empire Township" VB #</Process><Process ToolSource="c:\program files (x86)\arcgis\desktop10.3\ArcToolbox\Toolboxes\Data Management Tools.tbx\CalculateField" Date="20151229" Time="105049">CalculateField Dak.GIS.TRANS_MRCC_CENTERLINE CITY_L "Empire Township" VB #</Process><Process ToolSource="c:\program files (x86)\arcgis\desktop10.3\ArcToolbox\Toolboxes\Data Management Tools.tbx\CalculateField" Date="20151229" Time="105357">CalculateField Dak.GIS.TRANS_MRCC_CENTERLINE CITY_L "South Saint Paul" VB #</Process><Process ToolSource="c:\program files (x86)\arcgis\desktop10.3\ArcToolbox\Toolboxes\Data Management Tools.tbx\CalculateField" Date="20151229" Time="105448">CalculateField Dak.GIS.TRANS_MRCC_CENTERLINE CITY_R "South Saint Paul" VB #</Process><Process ToolSource="c:\program files (x86)\arcgis\desktop10.3\ArcToolbox\Toolboxes\Data Management Tools.tbx\CalculateField" Date="20151229" Time="105550">CalculateField Dak.GIS.TRANS_MRCC_CENTERLINE ROUTE_SYS "01" VB #</Process><Process ToolSource="c:\program files (x86)\arcgis\desktop10.3\ArcToolbox\Toolboxes\Data Management Tools.tbx\CalculateField" Date="20151229" Time="105826">CalculateField Dak.GIS.TRANS_MRCC_CENTERLINE CITY_L "Mendota Heights" VB #</Process><Process ToolSource="c:\program files (x86)\arcgis\desktop10.3\ArcToolbox\Toolboxes\Data Management Tools.tbx\CalculateField" Date="20151229" Time="105836">CalculateField Dak.GIS.TRANS_MRCC_CENTERLINE CITY_R "Mendota Heights" VB #</Process><Process ToolSource="c:\program files (x86)\arcgis\desktop10.3\ArcToolbox\Toolboxes\Data Management Tools.tbx\CalculateField" Date="20151229" Time="110205">CalculateField Dak.GIS.TRANS_MRCC_CENTERLINE CITY_R [CITY_L] VB #</Process><Process ToolSource="c:\program files (x86)\arcgis\desktop10.3\ArcToolbox\Toolboxes\Data Management Tools.tbx\CalculateField" Date="20151229" Time="110240">CalculateField Dak.GIS.TRANS_MRCC_CENTERLINE CITY_R "Inver Grove Heights" VB #</Process></lineage><itemProps><itemName Sync="TRUE">Street_201603221813</itemName><imsContentType Sync="TRUE">002</imsContentType><itemLocation><linkage Sync="TRUE">file://\\FS9\GISDATA\Projects\CountyWide\OpenStreetMap\mxd\data\FCToSHP\Street_201603221813.shp</linkage><protocol Sync="TRUE">Local Area Network</protocol></itemLocation><itemSize Sync="TRUE">0.000</itemSize></itemProps><coordRef><type Sync="TRUE">Projected</type><geogcsn Sync="TRUE">GCS_North_American_1983</geogcsn><csUnits Sync="TRUE">Linear Unit: Meter (1.000000)</csUnits><projcsn Sync="TRUE">NAD_1983_UTM_Zone_15N</projcsn><peXml Sync="TRUE">&lt;ProjectedCoordinateSystem xsi:type='typens:ProjectedCoordinateSystem' xmlns:xsi='http://www.w3.org/2001/XMLSchema-instance' xmlns:xs='http://www.w3.org/2001/XMLSchema' xmlns:typens='http://www.esri.com/schemas/ArcGIS/10.3'&gt;&lt;WKT&gt;PROJCS[&amp;quot;NAD_1983_UTM_Zone_15N&amp;quot;,GEOGCS[&amp;quot;GCS_North_American_1983&amp;quot;,DATUM[&amp;quot;D_North_American_1983&amp;quot;,SPHEROID[&amp;quot;GRS_1980&amp;quot;,6378137.0,298.257222101]],PRIMEM[&amp;quot;Greenwich&amp;quot;,0.0],UNIT[&amp;quot;Degree&amp;quot;,0.0174532925199433]],PROJECTION[&amp;quot;Transverse_Mercator&amp;quot;],PARAMETER[&amp;quot;False_Easting&amp;quot;,500000.0],PARAMETER[&amp;quot;False_Northing&amp;quot;,0.0],PARAMETER[&amp;quot;Central_Meridian&amp;quot;,-93.0],PARAMETER[&amp;quot;Scale_Factor&amp;quot;,0.9996],PARAMETER[&amp;quot;Latitude_Of_Origin&amp;quot;,0.0],UNIT[&amp;quot;Meter&amp;quot;,1.0],AUTHORITY[&amp;quot;EPSG&amp;quot;,26915]]&lt;/WKT&gt;&lt;XOrigin&gt;-5120900&lt;/XOrigin&gt;&lt;YOrigin&gt;-9998100&lt;/YOrigin&gt;&lt;XYScale&gt;450445547.3910538&lt;/XYScale&gt;&lt;ZOrigin&gt;-100000&lt;/ZOrigin&gt;&lt;ZScale&gt;10000&lt;/ZScale&gt;&lt;MOrigin&gt;-100000&lt;/MOrigin&gt;&lt;MScale&gt;10000&lt;/MScale&gt;&lt;XYTolerance&gt;0.001&lt;/XYTolerance&gt;&lt;ZTolerance&gt;0.001&lt;/ZTolerance&gt;&lt;MTolerance&gt;0.001&lt;/MTolerance&gt;&lt;HighPrecision&gt;true&lt;/HighPrecision&gt;&lt;WKID&gt;26915&lt;/WKID&gt;&lt;LatestWKID&gt;26915&lt;/LatestWKID&gt;&lt;/ProjectedCoordinateSystem&gt;</peXml></coordRef></DataProperties><SyncDate>20160322</SyncDate><SyncTime>18135600</SyncTime><ModDate>20160322</ModDate><ModTime>18135600</ModTime></Esri><dataIdInfo><envirDesc Sync="TRUE">Microsoft Windows 7 Version 6.1 (Build 7601) Service Pack 1; Esri ArcGIS 10.3.1.4959</envirDesc><dataLang><languageCode value="eng" Sync="TRUE"/><countryCode value="USA" Sync="TRUE"/></dataLang><idCitation><resTitle Sync="TRUE">Street_201603221813</resTitle><presForm><PresFormCd value="005" Sync="TRUE"/></presForm></idCitation><spatRpType><SpatRepTypCd value="001" Sync="TRUE"/></spatRpType></dataIdInfo><mdLang><languageCode value="eng" Sync="TRUE"/><countryCode value="USA" Sync="TRUE"/></mdLang><distInfo><distFormat><formatName Sync="TRUE">Shapefile</formatName></distFormat><distTranOps><transSize Sync="TRUE">0.000</transSize></distTranOps></distInfo><mdHrLv><ScopeCd value="005" Sync="TRUE"/></mdHrLv><mdHrLvName Sync="TRUE">dataset</mdHrLvName><refSysInfo><RefSystem><refSysID><identCode code="26915" Sync="TRUE"/><idCodeSpace Sync="TRUE">EPSG</idCodeSpace><idVersion Sync="TRUE">8.6.2</idVersion></refSysID></RefSystem></refSysInfo><spatRepInfo><VectSpatRep><geometObjs Name="Street_201603221813"><geoObjTyp><GeoObjTypCd value="002" Sync="TRUE"></GeoObjTypCd></geoObjTyp><geoObjCnt Sync="TRUE">0</geoObjCnt></geometObjs><topLvl><TopoLevCd value="001" Sync="TRUE"></TopoLevCd></topLvl></VectSpatRep></spatRepInfo><spdoinfo><ptvctinf><esriterm Name="Street_201603221813"><efeatyp Sync="TRUE">Simple</efeatyp><efeageom code="3" Sync="TRUE"></efeageom><esritopo Sync="TRUE">FALSE</esritopo><efeacnt Sync="TRUE">0</efeacnt><spindex Sync="TRUE">FALSE</spindex><linrefer Sync="TRUE">FALSE</linrefer></esriterm></ptvctinf></spdoinfo><eainfo><detailed Name="Street_201603221813"><enttyp><enttypl Sync="TRUE">Street_201603221813</enttypl><enttypt Sync="TRUE">Feature Class</enttypt><enttypc Sync="TRUE">0</enttypc></enttyp><attr><attrlabl Sync="TRUE">FID</attrlabl><attalias Sync="TRUE">FID</attalias><attrtype Sync="TRUE">OID</attrtype><attwidth Sync="TRUE">4</attwidth><atprecis Sync="TRUE">0</atprecis><attscale Sync="TRUE">0</attscale><attrdef Sync="TRUE">Internal feature number.</attrdef><attrdefs Sync="TRUE">Esri</attrdefs><attrdomv><udom Sync="TRUE">Sequential unique whole numbers that are automatically generated.</udom></attrdomv></attr><attr><attrlabl Sync="TRUE">ST_CONCAT</attrlabl><attalias Sync="TRUE">ST_CONCAT</attalias><attrtype Sync="TRUE">String</attrtype><attwidth Sync="TRUE">150</attwidth><atprecis Sync="TRUE">0</atprecis><attscale Sync="TRUE">0</attscale></attr><attr><attrlabl Sync="TRUE">SHAPE</attrlabl><attalias Sync="TRUE">Shape</attalias><attrtype Sync="TRUE">Geometry</attrtype><attwidth Sync="TRUE">0</attwidth><atprecis Sync="TRUE">0</atprecis><attscale Sync="TRUE">0</attscale><attrdef Sync="TRUE">Feature geometry.</attrdef><attrdefs Sync="TRUE">Esri</attrdefs><attrdomv><udom Sync="TRUE">Coordinates defining the features.</udom></attrdomv></attr><attr><attrlabl Sync="TRUE">SHAPE_len</attrlabl><attalias Sync="TRUE">SHAPE_len</attalias><attrtype Sync="TRUE">Double</attrtype><attwidth Sync="TRUE">19</attwidth><atprecis Sync="TRUE">0</atprecis><attscale Sync="TRUE">0</attscale></attr></detailed></eainfo><mdDateSt Sync="TRUE">20160322</mdDateSt></metadata>
